FrameID,PedID,x,y
500,20,1.08,-3.38
500,21,2.25,-1.1
500,23,2.17,-5.15
500,24,0.28,2.62
500,25,-0.65,2.76
500,26,3.52,-4.05
510,20,1.05,-4.22
510,21,2.18,-0.39
510,23,2.11,-4.33
510,24,0.46,2.31
510,25,-0.43,2.54
510,26,3.44,-3.53
520,20,1.04,-4.79
520,21,2.28,0.46
520,23,2.11,-3.58
520,24,0.6,2.08
520,25,-0.27,2.31
520,26,3.43,-3
530,20,1.08,-5.47
530,21,2.24,1.16
530,23,1.93,-2.78
530,24,0.72,1.86
530,25,-0.07,2.07
530,26,3.38,-2.52
530,27,2.39,-7.92
540,20,1.11,-6.18
540,21,2.19,1.84
540,23,1.85,-2.02
540,24,0.72,1.58
540,25,0.07,1.81
540,26,3.34,-2.01
540,27,2.42,-7.26
550,20,1.28,-6.94
550,21,2.21,2.5
550,23,1.87,-1.28
550,24,0.76,1.31
550,25,0.16,1.49
550,26,3.35,-1.5
550,27,2.49,-6.63
560,20,1.37,-7.65
560,23,1.85,-0.53
560,24,0.84,0.96
560,25,0.28,1.19
560,26,3.23,-1.01
560,27,2.44,-5.95
570,20,1.5,-8.32
570,23,1.95,0.17
570,24,0.82,0.64
570,25,0.26,0.87
570,26,3.18,-0.56
570,27,2.44,-5.28
580,20,1.61,-9.01
580,23,2.01,0.92
580,24,0.86,0.32
580,25,0.3,0.56
580,26,3.19,-0.05
580,27,2.44,-4.66
590,20,1.66,-9.72
590,23,2.03,1.68
590,24,1.01,-0.03
590,25,0.26,0.24
590,26,3.15,0.45
590,27,2.34,-4.02
590,28,0.74,3.66
600,23,2.26,2.4
600,24,1.08,-0.36
600,25,0.26,-0.08
600,26,3.19,0.93
600,27,2.43,-3.38
600,28,0.78,3.33
610,24,1.13,-0.74
610,25,0.3,-0.43
610,26,3.22,1.41
610,27,2.46,-2.84
610,28,0.88,2.99
620,24,1.23,-1.12
620,25,0.26,-0.82
620,26,3.17,1.89
620,27,2.44,-2.31
620,28,0.93,2.63
630,24,1.3,-1.51
630,25,0.35,-1.22
630,27,2.64,-1.9
630,28,0.97,2.28
640,24,1.34,-1.85
640,25,0.37,-1.61
640,27,2.86,-1.57
640,28,1.08,1.92
650,24,1.43,-2.22
650,25,0.42,-2
650,27,3.06,-1.19
650,28,1.12,1.6
660,24,1.5,-2.57
660,25,0.51,-2.37
660,28,1.1,1.22
670,24,1.5,-2.95
670,25,0.55,-2.78
670,28,1.15,0.87
680,24,1.55,-3.36
680,25,0.68,-3.18
680,28,1.21,0.52
690,24,1.65,-3.85
690,25,0.71,-3.56
690,28,1.2,0.17
700,24,1.66,-4.31
700,25,0.8,-3.94
700,28,1.22,-0.18
710,24,1.68,-4.77
710,25,0.9,-4.31
710,28,1.33,-0.57
720,24,1.71,-5.23
720,25,0.88,-4.69
720,28,1.34,-1.01
720,29,-1.05,-5.71
720,30,-1.29,-7.53
730,24,1.65,-5.62
730,25,0.95,-5.1
730,28,1.3,-1.43
730,29,-0.87,-5.98
730,30,-1.29,-7.53
740,24,1.59,-6.02
740,25,0.92,-5.5
740,28,1.29,-1.93
740,29,-0.69,-6.28
740,30,-1.29,-7.53
750,24,1.66,-6.45
750,25,0.98,-5.91
750,28,1.19,-2.41
750,29,-0.45,-6.48
750,30,-1.29,-7.53
760,24,1.69,-6.81
760,25,0.99,-6.27
760,28,1.13,-2.91
760,29,-0.32,-6.82
760,30,-1.29,-7.53
770,24,1.71,-7.17
770,25,0.97,-6.65
770,28,1.13,-3.47
770,29,-0.12,-7.12
770,30,-1.29,-7.53
780,24,1.81,-7.46
780,25,1.08,-7.03
780,28,1.08,-4.01
780,29,0.1,-7.36
780,30,-1.29,-7.53
790,24,1.88,-7.73
790,25,1.14,-7.37
790,28,1.08,-4.47
790,29,0.15,-7.83
790,30,-1.29,-7.53
800,24,1.85,-7.98
800,25,1.23,-7.7
800,28,1.08,-4.99
800,29,0.3,-8.17
800,30,-1.29,-7.53
810,28,1.04,-5.45
810,30,-1.29,-7.53
1200,38,-1.31,-7.43
1200,45,1.48,-2.67
1200,46,-1.65,0.9
1200,47,-1.72,1.28
1200,48,2.47,-3.06
1210,38,-1.37,-7.55
1210,45,1.59,-3.28
1210,46,-1.65,0.9
1210,47,-1.72,1.28
1210,48,2.4,-2.38
1210,49,-1.07,-3.68
1220,38,-1.43,-7.56
1220,45,1.7,-4.07
1220,46,-1.65,0.9
1220,47,-1.72,1.28
1220,48,2.29,-1.68
1220,49,-0.82,-4.09
1230,38,-1.31,-7.43
1230,45,1.66,-5.03
1230,46,-1.65,0.9
1230,47,-1.72,1.28
1230,48,2.27,-1.04
1230,49,-0.45,-4.52
1240,38,-1.31,-7.43
1240,45,1.84,-5.82
1240,46,-1.65,0.9
1240,47,-1.72,1.28
1240,48,2.19,-0.42
1240,49,-0.18,-4.81
1240,51,0.93,3
1250,38,-1.31,-7.43
1250,45,1.98,-6.61
1250,46,-1.65,0.9
1250,47,-1.72,1.28
1250,48,2.21,0.19
1250,49,0.06,-5.32
1250,51,1.01,2.43
1260,38,-1.31,-7.43
1260,45,2.09,-7.4
1260,46,-1.65,0.9
1260,47,-1.72,1.28
1260,48,2.13,0.8
1260,49,0.36,-5.77
1260,51,1.04,1.85
1270,38,-1.33,-7.4
1270,45,2.28,-8.13
1270,46,-1.65,0.9
1270,47,-1.72,1.28
1270,48,2.09,1.34
1270,49,0.54,-6.36
1270,51,1.02,1.27
1280,38,-1.34,-7.36
1280,46,-1.65,0.9
1280,47,-1.72,1.28
1280,48,2.03,1.9
1280,49,0.56,-6.95
1280,51,1.1,0.64
1290,38,-1.36,-7.34
1290,46,-1.65,0.9
1290,47,-1.72,1.28
1290,48,1.91,2.44
1290,49,0.68,-7.54
1290,51,1.08,0
1300,38,-1.36,-7.3
1300,46,-1.65,0.9
1300,47,-1.72,1.28
1300,49,0.66,-8.11
1300,51,1.13,-0.58
1310,38,-1.36,-7.32
1310,46,-1.65,0.9
1310,47,-1.72,1.28
1310,49,0.78,-8.7
1310,51,1.17,-1.21
1320,38,-1.32,-7.38
1320,46,-1.65,0.9
1320,47,-1.72,1.28
1320,51,1.19,-1.85
1330,38,-1.29,-7.45
1330,46,-1.65,0.9
1330,47,-1.72,1.28
1330,51,1.32,-2.49
1340,38,-1.27,-7.47
1340,46,-1.65,0.9
1340,47,-1.72,1.28
1340,51,1.54,-3.23
1350,38,-1.27,-7.47
1350,46,-1.65,0.9
1350,47,-1.72,1.28
1350,51,1.52,-3.89
1360,38,-1.27,-7.47
1360,46,-1.65,0.9
1360,47,-1.72,1.28
1360,51,1.62,-4.44
1370,38,-1.27,-7.47
1370,46,-1.65,0.9
1370,47,-1.72,1.28
1370,51,1.6,-5.16
1380,38,-1.32,-7.59
1380,46,-1.65,0.9
1380,47,-1.72,1.28
1380,51,1.63,-5.84
1390,38,-1.29,-7.51
1400,38,-1.27,-7.47
2770,71,2.67,3.21
2770,72,1.94,3.4
2770,73,3.65,0.87
2780,71,2.67,2.62
2780,72,1.85,2.8
2780,73,3.63,1.44
2790,71,2.69,2.01
2790,72,1.82,2.21
2790,73,3.61,2.05
2800,71,2.64,1.39
2800,72,1.79,1.67
2800,73,3.59,2.63
2810,71,2.62,0.8
2810,72,1.74,1.1
2820,71,2.63,0.19
2820,72,1.8,0.49
2830,71,2.6,-0.39
2830,72,1.8,-0.12
2840,71,2.62,-0.99
2840,72,1.79,-0.72
2840,75,2.3,-6.92
2840,76,2.87,-7.69
2840,77,3.44,-7.44
2840,78,3.59,-6.39
2840,79,1.23,-8.16
2840,80,1.48,-9.33
2850,71,2.55,-1.57
2850,72,1.79,-1.33
2850,75,2.32,-6.48
2850,76,2.77,-7.27
2850,77,3.34,-7.04
2850,78,3.63,-5.96
2850,79,1.23,-8.16
2850,80,1.48,-9.33
2860,71,2.44,-2.19
2860,72,1.68,-1.97
2860,75,2.36,-6.05
2860,76,2.83,-6.82
2860,78,3.71,-5.5
2860,79,1.23,-8.16
2860,80,1.48,-9.33
2870,71,2.34,-2.77
2870,72,1.59,-2.6
2870,75,2.59,-5.57
2870,76,2.92,-6.39
2870,78,3.77,-4.99
2870,79,1.23,-8.16
2870,80,1.48,-9.33
2870,81,3.84,-6.27
2880,71,2.18,-3.35
2880,72,1.48,-3.21
2880,75,2.7,-5.13
2880,76,2.97,-5.94
2880,78,3.79,-4.53
2880,79,1.23,-8.16
2880,80,1.48,-9.33
2880,81,3.92,-5.89
2890,71,2.13,-3.98
2890,72,1.34,-3.83
2890,75,2.73,-4.65
2890,76,3.15,-5.52
2890,78,3.88,-3.93
2890,79,1.23,-8.16
2890,80,1.48,-9.33
2890,81,4.05,-5.35
2900,71,2.05,-4.61
2900,72,1.28,-4.49
2900,75,2.81,-4.17
2900,76,3.26,-5.14
2900,78,3.87,-3.4
2900,79,1.23,-8.16
2900,80,1.48,-9.33
2900,81,4.04,-4.98
2900,82,3.1,-9.59
2910,71,2.02,-5.24
2910,72,1.19,-5.12
2910,75,2.87,-3.76
2910,76,3.3,-4.47
2910,78,3.86,-2.93
2910,79,1.23,-8.16
2910,80,1.48,-9.33
2910,81,4.1,-4.48
2910,82,3.13,-8.94
2920,71,2.1,-5.86
2920,72,1.08,-5.8
2920,75,2.78,-3.32
2920,76,3.39,-3.99
2920,78,3.85,-2.41
2920,79,1.23,-8.16
2920,80,1.48,-9.33
2920,81,4.13,-3.94
2920,82,3.14,-8.34
2930,71,2.15,-6.53
2930,72,0.98,-6.49
2930,79,1.23,-8.16
2930,80,1.48,-9.33
2930,82,3.32,-7.76
2940,71,2.3,-7.2
2940,72,0.81,-7.17
2940,79,1.23,-8.16
2940,80,1.48,-9.33
2940,82,3.44,-7.24
2950,71,2.39,-7.84
2950,72,0.76,-7.83
2950,79,1.23,-8.16
2950,80,1.48,-9.33
2950,82,3.54,-6.7
2960,71,2.43,-8.5
2960,72,0.75,-8.66
2960,79,1.25,-8.15
2960,80,1.48,-9.33
2970,71,2.48,-9.16
2970,72,0.69,-9.35
2970,79,1.23,-8.14
2970,80,1.48,-9.33
3100,83,1.66,2.64
3110,83,1.74,2.03
3110,84,3.4,-0.86
3120,83,1.72,1.46
3120,84,3.47,-0.31
3130,83,1.71,0.85
3130,84,3.55,0.25
3140,83,1.79,0.24
3140,84,3.55,0.83
3150,83,1.75,-0.37
3160,83,1.72,-0.94
3170,83,1.74,-1.52
3170,85,1.22,-8.24
3170,86,1.41,-9.28
3180,83,1.67,-2.13
3180,85,1.22,-8.24
3180,86,1.41,-9.28
3190,83,1.66,-2.73
3190,85,1.22,-8.24
3190,86,1.41,-9.28
3200,83,1.68,-3.35
3200,85,1.22,-8.24
3200,86,1.41,-9.28
3200,87,3.36,-8.69
3210,83,1.57,-3.98
3210,85,1.22,-8.24
3210,86,1.41,-9.28
3210,87,3.33,-7.94
3220,83,1.48,-4.61
3220,85,1.22,-8.24
3220,86,1.41,-9.28
3220,87,3.35,-7.23
3230,83,1.33,-5.24
3230,85,1.22,-8.24
3230,86,1.41,-9.28
3230,87,3.31,-6.54
3240,83,1.06,-5.79
3240,85,1.22,-8.24
3240,86,1.41,-9.28
3240,87,3.21,-5.8
3250,83,0.91,-6.39
3250,85,1.22,-8.24
3250,86,1.41,-9.28
3260,83,0.73,-6.94
3260,85,1.22,-8.24
3260,86,1.41,-9.28
3270,83,0.49,-7.49
3270,85,1.22,-8.24
3270,86,1.41,-9.26
3280,83,0.46,-8.08
3280,85,1.22,-8.24
3280,86,1.41,-9.26
3290,83,0.41,-8.62
3290,85,1.22,-8.24
3290,86,1.41,-9.26
3300,83,0.32,-9.19
3300,85,1.22,-8.24
3300,86,1.41,-9.26
4000,96,1.98,3.71
4000,97,1.23,3.25
4000,98,3.52,1.95
4000,99,3.54,-4.71
4000,100,3.19,-8.8
4000,101,1.26,-8.15
4000,102,1.37,-9.2
4010,96,1.96,3.42
4010,97,1.26,2.89
4010,98,3.53,1.57
4010,99,3.57,-4.07
4010,100,2.92,-8.19
4010,101,1.26,-8.15
4010,102,1.37,-9.2
4020,96,1.98,3.08
4020,97,1.34,2.54
4020,98,3.63,1.15
4020,99,3.42,-3.58
4020,100,2.62,-7.58
4020,101,1.25,-8.13
4020,102,1.37,-9.2
4030,96,1.85,2.74
4030,97,1.34,2.16
4030,98,3.72,0.75
4030,99,3.45,-3.04
4030,100,2.35,-6.92
4030,101,1.25,-8.13
4030,102,1.38,-9.18
4040,96,1.83,2.39
4040,97,1.32,1.8
4040,98,3.81,0.5
4040,99,3.4,-2.53
4040,100,2.05,-6.28
4040,101,1.32,-8.21
4040,102,1.38,-9.18
4050,96,1.87,2.03
4050,97,1.31,1.41
4050,98,3.83,0.42
4050,99,3.3,-2
4050,100,1.76,-5.67
4050,101,1.37,-8.29
4050,102,1.38,-9.18
4060,96,1.79,1.67
4060,97,1.23,1
4060,98,3.82,0.36
4060,99,3.28,-1.49
4060,100,1.49,-5.03
4060,101,1.37,-8.31
4060,102,1.38,-9.18
4070,96,1.81,1.29
4070,97,1.16,0.63
4070,98,3.82,0.34
4070,99,3.21,-1.01
4070,100,1.21,-4.44
4070,101,1.37,-8.31
4070,102,1.38,-9.18
4080,96,1.86,0.9
4080,97,1.05,0.17
4080,98,3.82,0.25
4080,99,3.13,-0.51
4080,100,0.94,-3.85
4080,101,1.37,-8.31
4080,102,1.38,-9.18
4090,96,1.83,0.43
4090,97,1.03,-0.27
4090,98,3.82,0.25
4090,99,3.13,0.08
4090,100,0.65,-3.23
4090,101,1.37,-8.31
4090,102,1.38,-9.18
4100,96,1.86,-0.03
4100,97,1.03,-0.63
4100,98,3.82,0.25
4100,99,3.1,0.59
4100,100,0.36,-2.68
4100,101,1.37,-8.31
4100,102,1.38,-9.18
4110,96,1.91,-0.55
4110,97,1.04,-1.07
4110,98,3.82,0.25
4110,99,3.18,1.07
4110,100,0.07,-2.09
4110,101,1.37,-8.31
4110,102,1.38,-9.18
4120,96,1.85,-0.96
4120,97,1.01,-1.67
4120,98,3.82,0.25
4120,99,3.22,1.53
4120,100,-0.24,-1.57
4120,101,1.39,-8.32
4120,102,1.38,-9.18
4130,96,1.91,-1.53
4130,97,1.06,-2.12
4130,98,3.82,0.28
4130,99,3.22,2.06
4130,100,-0.6,-1.07
4130,101,1.39,-8.32
4130,102,1.38,-9.18
4140,96,1.92,-1.99
4140,97,1.11,-2.56
4140,100,-0.91,-0.62
4140,101,1.39,-8.32
4140,102,1.38,-9.18
4150,96,1.86,-2.45
4150,97,1.18,-3.03
4150,100,-1.28,-0.33
4150,101,1.39,-8.32
4150,102,1.38,-9.18
4160,96,1.96,-2.96
4160,97,1.25,-3.46
4160,100,-1.58,0.08
4160,101,1.39,-8.32
4160,102,1.38,-9.18
4170,96,1.99,-3.44
4170,97,1.32,-4.07
4170,100,-1.87,0.54
4170,101,1.39,-8.32
4170,102,1.38,-9.18
4180,96,1.96,-3.94
4180,97,1.34,-4.51
4180,101,1.39,-8.32
4180,102,1.38,-9.18
4190,96,2.08,-4.43
4190,97,1.44,-5
4190,101,1.39,-8.32
4190,102,1.38,-9.18
4200,96,2.13,-4.93
4200,97,1.45,-5.45
4200,101,1.39,-8.32
4200,102,1.38,-9.18
4210,96,2.16,-5.39
4210,97,1.5,-5.93
4210,101,1.39,-8.32
4210,102,1.38,-9.18
4220,96,2.37,-5.87
4220,97,1.68,-6.41
4220,101,1.39,-8.32
4220,102,1.38,-9.18
4230,96,2.45,-6.35
4230,97,1.88,-6.84
4230,101,1.39,-8.32
4230,102,1.38,-9.18
4240,96,2.52,-6.79
4240,97,1.96,-7.31
4240,101,1.39,-8.32
4240,102,1.38,-9.18
4240,103,3.89,-8.35
4250,96,2.7,-7.24
4250,97,2.19,-7.87
4250,101,1.39,-8.32
4250,102,1.38,-9.18
4250,103,3.68,-7.71
4260,96,2.69,-7.66
4260,97,2.33,-8.29
4260,101,1.39,-8.32
4260,102,1.41,-9.18
4260,103,3.68,-7.02
4430,104,1.34,-9.22
4430,105,1.37,-8.27
4430,106,2.59,-9.5
4430,107,3.28,-9.48
4440,104,1.34,-9.22
4440,105,1.37,-8.27
4440,106,2.62,-9.35
4440,107,3.31,-9.34
4450,104,1.34,-9.22
4450,105,1.37,-8.27
4450,106,2.61,-9.15
4450,107,3.3,-9.14
4460,104,1.34,-9.22
4460,105,1.37,-8.27
4460,106,2.52,-8.9
4460,107,3.28,-8.89
4470,104,1.34,-9.22
4470,105,1.37,-8.27
4470,106,2.47,-8.72
4470,107,3.25,-8.69
4480,104,1.34,-9.2
4480,105,1.37,-8.27
4480,106,2.49,-8.44
4480,107,3.23,-8.43
4490,104,1.34,-9.2
4490,105,1.37,-8.27
4490,106,2.52,-8.25
4490,107,3.22,-8.27
4490,108,3.79,-3.65
4500,104,1.34,-9.2
4500,105,1.37,-8.27
4500,106,2.46,-8
4500,107,3.08,-7.94
4500,108,3.79,-4.33
4510,104,1.34,-9.22
4510,105,1.37,-8.27
4510,106,2.34,-7.76
4510,107,3.14,-7.77
4510,108,3.84,-5.06
4510,109,2.81,2.22
4520,104,1.34,-9.22
4520,105,1.37,-8.27
4520,106,2.3,-7.55
4520,107,3.11,-7.57
4520,108,3.8,-5.86
4520,109,2.91,1.74
4530,104,1.34,-9.22
4530,105,1.37,-8.27
4530,106,2.29,-7.29
4530,107,3,-7.31
4530,108,3.87,-6.51
4530,109,3.03,1.27
4540,104,1.34,-9.22
4540,105,1.37,-8.27
4540,106,2.29,-7.09
4540,107,2.96,-7.09
4540,108,3.87,-7.19
4540,109,3.13,0.84
4550,104,1.34,-9.22
4550,105,1.37,-8.27
4550,106,2.17,-6.79
4550,107,2.85,-6.78
4550,109,3.29,0.38
4560,104,1.34,-9.22
4560,105,1.37,-8.27
4560,106,2.04,-6.52
4560,107,2.79,-6.54
4560,109,3.43,0.05
4570,104,1.34,-9.22
4570,105,1.37,-8.27
4570,106,2.11,-6.24
4570,107,2.78,-6.32
4570,109,3.54,-0.3
4570,110,2.55,2.37
4580,104,1.34,-9.22
4580,105,1.37,-8.27
4580,106,2.16,-6.05
4580,107,2.81,-6.16
4580,110,2.44,1.77
4590,104,1.34,-9.2
4590,105,1.37,-8.27
4590,106,2.1,-5.73
4590,107,2.74,-5.86
4590,110,2.52,1.17
4600,104,1.32,-9.2
4600,105,1.37,-8.27
4600,106,2.03,-5.46
4600,107,2.68,-5.62
4600,110,2.54,0.56
4610,104,1.3,-9.18
4610,105,1.37,-8.27
4610,106,2.04,-5.26
4610,107,2.71,-5.3
4610,110,2.56,-0.07
4620,104,1.28,-9.16
4620,105,1.37,-8.27
4620,106,2.11,-5.01
4620,107,2.7,-5.11
4620,110,2.67,-0.68
4630,104,1.27,-9.16
4630,105,1.37,-8.27
4630,106,2.12,-4.81
4630,107,2.72,-4.89
4630,110,2.62,-1.28
4640,104,1.2,-9.25
4640,105,1.37,-8.27
4640,106,2.02,-4.52
4640,107,2.69,-4.73
4640,110,2.82,-1.92
4650,104,1.13,-9.23
4650,105,1.37,-8.27
4650,106,1.98,-4.32
4650,107,2.68,-4.47
4650,110,2.88,-2.58
4660,104,1.11,-9.23
4660,105,1.37,-8.27
4660,106,2.03,-4.12
4660,107,2.64,-4.21
4660,110,3.06,-3.23
4670,104,1.09,-9.23
4670,105,1.37,-8.27
4670,106,2.05,-3.97
4670,107,2.65,-4.05
4670,110,3.2,-3.89
4680,104,1.13,-9.19
4680,105,1.37,-8.27
4680,106,1.96,-3.72
4680,107,2.57,-3.81
4680,110,3.17,-4.58
4690,104,1.21,-9.11
4690,105,1.37,-8.27
4690,106,1.84,-3.49
4690,107,2.48,-3.58
4690,110,3.27,-5.26
4690,112,3.72,-8.71
4700,104,1.37,-9.24
4700,105,1.37,-8.27
4700,106,1.85,-3.29
4700,107,2.49,-3.38
4700,110,3.06,-5.89
4700,112,3.71,-8.12
4710,104,1.41,-9.28
4710,105,1.37,-8.27
4710,106,1.92,-3.06
4710,107,2.54,-3.15
4710,110,3.02,-6.58
4710,112,3.72,-7.57
4720,104,1.4,-9.36
4720,105,1.37,-8.27
4720,106,1.95,-2.9
4720,107,2.56,-2.99
4720,110,2.81,-7.25
4720,112,3.73,-7.01
4730,104,1.37,-9.3
4730,105,1.37,-8.27
4730,106,1.89,-2.64
4730,107,2.5,-2.75
4730,110,2.7,-7.94
4730,112,3.56,-6.34
4740,104,1.37,-9.32
4740,105,1.37,-8.27
4740,106,1.82,-2.41
4740,107,2.44,-2.51
4740,110,2.62,-8.61
4740,112,3.43,-5.67
4750,104,1.31,-9.34
4750,105,1.37,-8.27
4750,106,1.87,-2.18
4750,107,2.48,-2.27
4750,110,2.39,-9.23
4750,112,3.41,-5.13
4760,104,1.4,-9.34
4760,105,1.33,-8.35
4760,106,1.96,-1.95
4760,107,2.56,-2.05
4760,110,2.39,-9.91
4760,112,3.28,-4.43
4770,104,1.4,-9.34
4770,105,1.36,-8.37
4770,106,1.97,-1.77
4770,107,2.57,-1.87
4770,112,3.44,-3.74
4780,104,1.43,-9.28
4780,105,1.37,-8.31
4780,106,1.87,-1.52
4780,107,2.49,-1.62
4780,112,3.39,-3.11
4790,104,1.41,-9.28
4790,105,1.37,-8.27
4790,106,1.83,-1.34
4790,107,2.45,-1.44
4790,112,3.39,-2.46
4800,104,1.43,-9.28
4800,105,1.37,-8.27
4800,106,1.88,-1.14
4800,107,2.48,-1.23
4800,112,3.48,-1.77
4810,104,1.41,-9.26
4810,105,1.37,-8.27
4810,106,1.92,-0.93
4810,107,2.53,-1.02
4810,112,3.44,-1.18
4820,104,1.43,-9.26
4820,105,1.37,-8.27
4820,106,1.9,-0.65
4820,107,2.58,-0.65
4820,112,3.5,-0.62
4830,104,1.41,-9.22
4830,105,1.37,-8.27
4830,106,1.83,-0.38
4830,107,2.57,-0.59
4830,112,3.53,-0.06
4840,104,1.45,-9.27
4840,105,1.37,-8.27
4840,106,1.76,-0.21
4840,107,2.54,-0.39
4840,112,3.49,0.47
4850,104,1.43,-9.24
4850,105,1.35,-8.27
4850,106,1.77,-0.04
4850,107,2.5,-0.16
4850,112,3.53,0.95
4860,104,1.43,-9.28
4860,105,1.33,-8.27
4860,106,1.82,0.15
4860,107,2.51,-0.05
4860,112,3.55,1.34
4870,104,1.41,-9.26
4870,105,1.33,-8.27
4870,106,1.79,0.38
4870,107,2.5,0.17
4870,112,3.4,1.79
4880,104,1.37,-9.24
4880,105,1.33,-8.35
4880,106,1.77,0.56
4880,107,2.51,0.33
4880,112,3.41,2.3
4890,104,1.35,-9.24
4890,105,1.35,-8.27
4890,106,1.76,0.7
4890,107,2.47,0.55
4890,112,3.45,2.75
4900,104,1.28,-9.24
4900,105,1.35,-8.27
4900,106,1.82,0.89
4900,107,2.42,0.77
4900,112,3.41,3.33
4910,104,1.39,-9.28
4910,105,1.38,-8.36
4910,106,1.91,1.07
4910,107,2.4,0.97
4920,104,1.35,-9.24
4920,105,1.35,-8.27
4920,106,1.93,1.23
4920,107,2.38,1.25
4930,104,1.35,-9.26
4930,105,1.35,-8.27
4930,106,1.87,1.49
4930,107,2.33,1.48
4940,104,1.3,-9.18
4940,105,1.35,-8.27
4940,106,1.85,1.7
4940,107,2.31,1.66
4950,104,1.3,-9.18
4950,105,1.35,-8.27
4950,106,1.88,1.91
4950,107,2.34,1.87
4960,104,1.3,-9.18
4960,105,1.35,-8.27
4960,106,1.91,2.1
4960,107,2.37,2.06
4970,104,1.3,-9.18
4970,105,1.33,-8.29
4970,106,1.9,2.28
4970,107,2.36,2.24
4980,104,1.3,-9.18
4980,105,1.31,-8.29
4980,106,1.82,2.53
4980,107,2.46,2.44
4990,104,1.3,-9.18
4990,105,1.22,-8.22
4990,106,1.79,2.69
4990,107,2.47,2.62
5000,104,1.3,-9.18
5000,105,1.16,-8.26
5000,106,1.79,2.93
5000,107,2.46,2.85
5010,104,1.33,-9.26
5010,105,1.13,-8.22
5010,106,1.76,3.12
5010,107,2.46,3.03
5680,118,2.41,-0.51
5680,119,1.29,3.7
5680,120,0.59,3.25
5680,122,2.71,-8.06
5690,118,2.55,0.08
5690,119,1.22,3.15
5690,120,0.58,2.75
5690,122,2.79,-7.29
5700,118,2.58,0.73
5700,119,1.25,2.63
5700,120,0.51,2.2
5700,122,2.79,-6.52
5710,118,2.74,1.33
5710,119,1.24,2.09
5710,120,0.57,1.64
5710,122,2.76,-5.7
5720,118,2.83,1.91
5720,119,1.23,1.6
5720,120,0.58,1.14
5720,122,2.82,-4.92
5730,118,2.79,2.52
5730,119,1.21,0.96
5730,120,0.57,0.58
5730,122,2.83,-4.11
5740,119,1.23,0.36
5740,120,0.65,0.01
5740,122,2.89,-3.29
5750,119,1.3,-0.11
5750,120,0.64,-0.47
5750,122,2.88,-2.5
5760,119,1.33,-0.67
5760,120,0.61,-0.97
5760,122,2.78,-1.62
5770,119,1.39,-1.24
5770,120,0.7,-1.49
5770,122,2.81,-0.78
5780,119,1.48,-1.93
5780,120,0.8,-2.08
5780,122,2.74,-0.02
5790,119,1.54,-2.52
5790,120,0.8,-2.67
5790,122,2.73,0.75
5800,119,1.75,-3.1
5800,120,1.05,-3.3
5800,122,2.68,1.48
5810,119,1.84,-3.75
5810,120,1.07,-3.9
5810,122,2.68,2.22
5820,119,1.96,-4.26
5820,120,1.24,-4.5
5820,123,1.35,-8.37
5820,124,1.45,-9.23
5830,119,2.08,-4.85
5830,120,1.42,-5.1
5830,123,1.44,-8.32
5830,124,1.45,-9.23
5840,119,2.26,-5.52
5840,120,1.56,-5.8
5840,123,1.44,-8.32
5840,124,1.45,-9.23
5850,119,2.38,-5.95
5850,120,1.72,-6.29
5850,123,1.44,-8.32
5850,124,1.45,-9.23
5860,119,2.6,-6.68
5860,120,1.87,-6.9
5860,123,1.44,-8.32
5860,124,1.45,-9.23
5870,119,2.69,-7.32
5870,120,1.94,-7.43
5870,123,1.44,-8.32
5870,124,1.45,-9.23
5880,119,2.88,-7.93
5880,120,2.16,-8.1
5880,123,1.44,-8.32
5880,124,1.45,-9.23
5890,119,2.97,-8.53
5890,120,2.27,-8.69
5890,123,1.37,-8.31
5890,124,1.45,-9.23
5900,119,3.15,-9.27
5900,120,2.24,-9.31
5900,123,1.42,-8.3
5900,124,1.45,-9.23
6890,132,3.18,-6.65
6890,136,3.19,-1.54
6890,137,2.11,-7.02
6890,138,1.48,-8.24
6890,139,1.26,-9.28
6890,140,1.97,0.55
6890,141,2.58,2.05
6890,142,0.6,-9.3
6890,143,0.09,-9.15
6890,144,0.01,-6.93
6900,132,3.27,-7.4
6900,136,3.17,-1.52
6900,137,2.17,-7.49
6900,138,1.48,-8.26
6900,139,1.18,-9.27
6900,140,2.06,-0.08
6900,141,2.48,1.49
6900,142,0.6,-8.92
6900,143,0.09,-8.75
6900,144,0.01,-6.93
6910,132,3.44,-8.15
6910,136,3.15,-1.49
6910,137,2.22,-7.93
6910,138,1.48,-8.26
6910,139,1.22,-9.27
6910,140,1.99,-0.72
6910,141,2.43,0.89
6910,142,0.59,-8.45
6910,143,0.1,-8.28
6910,144,0.01,-6.93
6920,132,3.42,-8.91
6920,136,3.15,-1.49
6920,137,2.23,-8.49
6920,138,1.41,-8.28
6920,139,1.26,-9.3
6920,140,2.1,-1.41
6920,141,2.31,0.32
6920,142,0.84,-7.94
6920,143,0.32,-7.76
6920,144,-0.16,-6.83
6930,132,3.49,-9.71
6930,136,3.17,-1.5
6930,137,2.33,-8.91
6930,138,1.39,-8.32
6930,139,1.29,-9.3
6930,140,2.05,-2.04
6930,141,2.29,-0.39
6930,142,1,-7.46
6930,143,0.46,-7.28
6930,144,-0.24,-6.91
6940,136,3.19,-1.52
6940,138,1.37,-8.33
6940,139,1.31,-9.3
6940,140,2.12,-2.76
6940,141,2.25,-1.02
6940,142,1.24,-6.98
6940,143,0.5,-6.7
6940,144,-0.29,-6.78
6950,136,3.18,-1.56
6950,138,1.39,-8.32
6950,139,1.31,-9.3
6950,140,2.25,-3.43
6950,141,2.24,-1.59
6950,142,1.32,-6.48
6950,143,0.58,-6.24
6950,144,-0.26,-6.82
6960,136,3.2,-1.6
6960,138,1.42,-8.34
6960,139,1.31,-9.3
6960,140,2.32,-4.19
6960,141,2.32,-2.15
6960,142,1.27,-5.97
6960,143,0.63,-5.78
6960,144,-0.26,-6.8
6970,136,3.22,-1.6
6970,138,1.4,-8.32
6970,139,1.31,-9.3
6970,140,2.46,-4.86
6970,141,2.39,-2.76
6970,142,1.33,-5.28
6970,143,0.66,-5.21
6970,144,-0.24,-6.91
6970,145,2.47,2.93
6970,146,2.21,-9.22
6980,136,3.24,-1.6
6980,138,1.39,-8.34
6980,139,1.31,-9.3
6980,140,2.52,-5.56
6980,141,2.43,-3.51
6980,142,1.38,-4.82
6980,143,0.67,-4.73
6980,144,-0.33,-6.82
6980,145,2.51,2.39
6980,146,2.22,-8.73
6980,147,3.73,-6.77
6990,136,3.25,-1.61
6990,138,1.35,-8.35
6990,139,1.31,-9.3
6990,140,2.63,-6.19
6990,141,2.53,-4.22
6990,142,1.31,-4.27
6990,143,0.73,-4.17
6990,144,-0.24,-6.91
6990,145,2.61,1.85
6990,146,2.1,-8.14
6990,147,3.72,-6.91
7000,136,3.25,-1.62
7000,138,1.36,-8.37
7000,139,1.31,-9.3
7000,140,2.81,-6.88
7000,141,2.59,-4.9
7000,142,1.37,-3.65
7000,143,0.77,-3.63
7000,144,-0.24,-6.91
7000,145,2.67,1.3
7000,146,1.99,-7.51
7000,147,3.73,-6.79
7010,136,3.2,-1.64
7010,138,1.4,-8.32
7010,139,1.31,-9.3
7010,140,2.9,-7.56
7010,141,2.63,-5.55
7010,142,1.32,-3.11
7010,143,0.79,-3.17
7010,144,-0.24,-6.91
7010,145,2.68,0.79
7010,146,1.8,-6.9
7010,147,3.66,-6.43
7020,136,3.09,-1.62
7020,138,1.4,-8.4
7020,139,1.31,-9.3
7020,140,3.02,-8.26
7020,141,2.73,-6.22
7020,142,1.24,-2.54
7020,143,0.86,-2.65
7020,144,-0.24,-6.91
7020,145,2.69,0.26
7020,146,1.67,-6.21
7020,148,2.1,-9.58
7020,149,3.74,-5.99
7030,138,1.48,-8.28
7030,139,1.31,-9.3
7030,140,3.1,-8.91
7030,141,2.77,-6.91
7030,142,1.35,-1.99
7030,143,0.87,-2.11
7030,144,-0.24,-6.91
7030,145,2.51,-0.23
7030,146,1.54,-5.56
7030,148,2.22,-8.91
7030,149,3.83,-5.56
7030,150,2.96,-1.63
7040,138,1.4,-8.34
7040,139,1.31,-9.3
7040,140,2.97,-9.66
7040,141,2.95,-7.64
7040,142,1.46,-1.61
7040,143,0.8,-1.64
7040,144,-0.24,-6.91
7040,145,2.34,-0.65
7040,146,1.54,-4.89
7040,148,2.2,-8.05
7040,149,3.72,-4.89
7040,150,2.89,-1.71
7050,138,1.35,-8.33
7050,139,1.31,-9.3
7050,141,3.04,-8.36
7050,142,1.43,-1.06
7050,143,0.8,-1.08
7050,144,-0.24,-6.91
7050,145,2.15,-1.14
7050,146,1.52,-4.25
7050,148,2.16,-7.38
7050,149,3.8,-4.37
7050,150,2.82,-1.96
7060,138,1.48,-8.28
7060,139,1.31,-9.3
7060,142,1.41,-0.46
7060,143,0.69,-0.6
7060,144,-0.24,-6.91
7060,145,1.92,-1.61
7060,146,1.46,-3.61
7060,148,2.11,-6.64
7060,149,3.89,-3.79
7060,150,2.72,-2.13
7070,138,1.48,-8.28
7070,139,1.31,-9.3
7070,142,1.45,-0.07
7070,143,0.74,-0.09
7070,144,-0.24,-6.91
7070,145,1.85,-2.03
7070,146,1.42,-3
7070,148,1.95,-5.91
7070,149,3.79,-3.18
7070,150,2.51,-2.28
7080,138,1.48,-8.28
7080,139,1.31,-9.3
7080,142,1.37,0.48
7080,143,0.8,0.41
7080,144,-0.24,-6.91
7080,145,1.85,-2.59
7080,146,1.21,-2.38
7080,148,1.82,-5.22
7080,149,3.79,-2.67
7080,150,2.49,-2.41
7090,138,1.48,-8.28
7090,139,1.31,-9.3
7090,142,1.38,0.96
7090,143,0.81,0.87
7090,144,-0.24,-6.91
7090,145,1.82,-3.19
7090,146,1.21,-1.77
7090,148,1.62,-4.5
7090,149,3.72,-2.17
7090,150,2.43,-2.48
7100,138,1.39,-8.32
7100,139,1.31,-9.3
7100,142,1.41,1.49
7100,143,0.79,1.41
7100,144,-0.26,-6.86
7100,145,2.01,-3.73
7100,146,1.26,-1.18
7100,148,1.38,-3.8
7100,149,3.8,-1.7
7100,150,2.46,-2.57
7110,138,1.48,-8.28
7110,139,1.31,-9.3
7110,142,1.41,2.15
7110,143,0.88,2.02
7110,144,-0.24,-6.91
7110,145,2.11,-4.33
7110,146,1.31,-0.59
7110,148,1.27,-3.08
7110,149,3.73,-1.08
7110,150,2.36,-2.67
7120,138,1.33,-8.33
7120,139,1.31,-9.3
7120,142,1.43,2.48
7120,143,0.82,2.38
7120,144,-0.24,-6.83
7120,145,2.29,-5.03
7120,146,1.4,0.02
7120,148,1.12,-2.26
7120,149,3.6,-0.48
7120,150,2.1,-2.8
7130,138,1.48,-8.28
7130,139,1.31,-9.3
7130,142,1.49,3.17
7130,143,0.81,2.91
7130,144,-0.24,-6.91
7130,145,2.46,-5.58
7130,146,1.5,0.7
7130,148,1.12,-1.66
7130,149,3.52,0.02
7130,150,1.91,-2.94
7140,138,1.48,-8.28
7140,139,1.31,-9.3
7140,142,1.51,3.64
7140,143,0.9,3.35
7140,144,-0.24,-6.91
7140,145,2.53,-6.24
7140,146,1.6,1.22
7140,148,1.24,-0.96
7140,150,1.65,-3.15
7150,138,1.48,-8.28
7150,139,1.31,-9.3
7150,144,-0.24,-6.91
7150,145,2.57,-6.88
7150,146,1.69,1.8
7150,148,1.28,-0.22
7150,150,1.4,-3.3
7160,138,1.48,-8.28
7160,139,1.31,-9.3
7160,144,-0.24,-6.91
7160,145,2.59,-7.53
7160,150,1.15,-3.45
7170,138,1.48,-8.28
7170,139,1.31,-9.3
7170,144,-0.24,-6.91
7170,145,2.56,-8.19
7170,150,0.95,-3.63
7180,138,1.48,-8.28
7180,139,1.31,-9.3
7180,144,-0.24,-6.91
7180,145,2.56,-8.84
7180,150,0.76,-3.77
7180,152,-1.81,-4.14
7180,153,-1.93,-9.61
7190,138,1.48,-8.28
7190,139,1.31,-9.3
7190,144,-0.24,-6.91
7190,145,2.52,-9.46
7190,150,0.53,-3.83
7190,152,-1.81,-4.14
7190,153,-1.83,-9.28
7200,138,1.48,-8.28
7200,139,1.31,-9.3
7200,144,-0.24,-6.91
7200,150,0.3,-3.86
7200,152,-1.81,-4.14
7200,153,-1.82,-8.99
7210,138,1.48,-8.28
7210,139,1.31,-9.3
7210,144,-0.24,-6.91
7210,150,0.08,-3.96
7210,152,-1.81,-4.14
7210,153,-1.82,-8.81
7220,138,1.48,-8.28
7220,139,1.31,-9.3
7220,144,-0.24,-6.91
7220,150,-0.18,-4.1
7220,152,-1.81,-4.14
7220,153,-1.84,-8.68
7230,138,1.48,-8.28
7230,139,1.31,-9.3
7230,144,-0.24,-6.91
7230,150,-0.47,-4.17
7230,152,-1.81,-4.14
7230,153,-1.83,-8.62
7240,138,1.46,-8.28
7240,139,1.31,-9.3
7240,144,-0.24,-6.91
7240,150,-0.71,-4.29
7240,152,-1.81,-4.14
7240,153,-1.83,-8.62
7250,138,1.37,-8.21
7250,139,1.31,-9.3
7250,144,-0.24,-6.91
7250,150,-0.82,-4.52
7250,152,-1.81,-4.14
7250,153,-1.83,-8.62
7260,138,1.3,-8.15
7260,139,1.31,-9.3
7260,144,-0.24,-6.91
7260,150,-1.11,-4.76
7260,152,-1.81,-4.14
7260,154,-1.83,-8.62
7270,138,1.32,-8.17
7270,139,1.31,-9.3
7270,150,-1.26,-4.91
7270,152,-1.81,-4.14
7270,154,-1.83,-8.6
7270,155,-0.41,-6.85
7280,138,1.36,-8.19
7280,139,1.31,-9.3
7280,150,-1.29,-5.03
7280,152,-1.81,-4.14
7280,154,-1.81,-8.6
7280,155,-0.41,-6.85
7290,138,1.34,-8.19
7290,139,1.31,-9.3
7290,150,-1.33,-5.11
7290,152,-1.81,-4.14
7290,154,-1.79,-8.62
7290,155,-0.64,-6.79
9260,174,0.95,1.66
9260,175,1.64,1.95
9270,174,0.96,1.2
9270,175,1.63,1.45
9280,174,0.95,0.7
9280,175,1.62,0.96
9280,176,-0.41,-4.07
9280,177,-1.32,-1.22
9290,174,1,0.2
9290,175,1.61,0.44
9290,176,-0.42,-3.68
9290,177,-1.32,-1.22
9300,174,0.99,-0.3
9300,175,1.64,-0.06
9300,176,-0.42,-3.3
9300,177,-1.31,-1.18
9310,174,0.96,-0.8
9310,175,1.59,-0.55
9310,176,-0.48,-3.02
9310,177,-1.3,-1.19
9320,174,1.05,-1.33
9320,175,1.58,-1.07
9320,177,-1.28,-1.19
9320,178,-0.65,-2.94
9330,174,1.02,-1.85
9330,175,1.65,-1.57
9330,177,-1.26,-1.21
9330,178,-0.85,-2.92
9340,174,1.01,-2.35
9340,175,1.66,-2.09
9350,174,1.03,-2.9
9350,175,1.78,-2.6
9360,174,0.95,-3.43
9360,175,1.84,-3.17
9370,174,0.97,-3.97
9370,175,1.83,-3.71
9370,179,0.53,-7.39
9370,180,-1.09,-6.72
9380,174,1,-4.54
9380,175,1.91,-4.27
9380,179,0.47,-7.22
9380,180,-1.09,-6.72
9390,174,0.95,-5.08
9390,175,1.78,-4.82
9390,179,0.38,-7.03
9390,180,-1.09,-6.72
9400,174,0.99,-5.63
9400,175,1.76,-5.33
9400,179,0.35,-6.89
9400,180,-1.09,-6.72
9400,181,1.17,-9.82
9400,182,1.89,-9.59
9410,174,1.06,-6.12
9410,175,1.6,-5.84
9410,179,0.35,-6.67
9410,180,-1.09,-6.72
9410,181,1.21,-9.15
9410,182,1.92,-8.99
9410,183,-0.95,-4.74
9410,184,-1.06,-2.53
9410,185,-0.88,-1.08
9410,186,-0.09,-0.82
9420,174,0.99,-6.6
9420,175,1.57,-6.26
9420,179,0.3,-6.52
9420,180,-1.09,-6.72
9420,181,1.41,-8.6
9420,182,1.99,-8.45
9420,183,-0.51,-4.43
9420,184,-1.06,-2.53
9420,185,-0.85,-1.04
9420,186,0.15,-1.34
9420,187,1.71,2.61
9420,188,3.91,-5.42
9430,174,0.98,-7.14
9430,175,1.44,-6.75
9430,179,0.15,-6.37
9430,180,-1.09,-6.72
9430,181,1.6,-8.09
9430,182,2.17,-7.92
9430,183,0.17,-3.99
9430,184,-1.06,-2.53
9430,185,-0.85,-1
9430,186,0.41,-1.79
9430,187,1.75,1.99
9430,188,3.92,-5.12
9440,174,0.94,-7.62
9440,175,1.32,-7.2
9440,179,0.01,-6.21
9440,180,-1.09,-6.72
9440,181,1.54,-7.62
9440,182,2.17,-7.21
9440,183,0.7,-3.84
9440,184,-1.06,-2.53
9440,185,-0.85,-1
9440,186,0.56,-2.32
9440,187,1.82,1.42
9440,188,3.99,-4.86
9450,174,0.81,-8.14
9450,175,1.31,-7.61
9450,179,0.06,-6.03
9450,180,-1.09,-6.72
9450,181,1.59,-7.04
9450,182,2.22,-6.71
9450,183,1.23,-3.72
9450,184,-1.06,-2.53
9450,185,-0.87,-1.04
9450,186,0.56,-2.88
9450,187,1.89,0.86
9450,188,4.03,-4.51
9460,174,0.8,-8.66
9460,175,1.29,-8.11
9460,180,-1.09,-6.72
9460,181,1.75,-6.49
9460,182,2.29,-6.08
9460,183,1.78,-3.54
9460,184,-1.06,-2.53
9460,185,-0.92,-1.07
9460,186,0.64,-3.44
9460,187,1.9,0.26
9460,189,0.23,-5.95
9460,190,-1.06,-0.46
9460,192,2.08,3.79
9470,180,-1.09,-6.72
9470,181,1.8,-5.86
9470,182,2.4,-5.37
9470,183,2.34,-3.5
9470,184,-1.06,-2.53
9470,185,-0.94,-1.09
9470,186,0.63,-4.02
9470,187,1.92,-0.36
9470,189,0.07,-5.89
9470,190,-0.65,-0.6
9470,192,2.1,3.21
9480,180,-1.09,-6.72
9480,181,1.89,-5.19
9480,182,2.47,-4.81
9480,183,2.87,-3.46
9480,184,-1.06,-2.53
9480,185,-0.93,-1.07
9480,186,0.78,-4.68
9480,187,1.84,-1.08
9480,189,-0.01,-5.78
9480,190,-0.29,-0.93
9480,192,2.19,2.57
9480,193,0.46,3.63
9490,180,-1.09,-6.72
9490,181,2,-4.6
9490,182,2.52,-4.22
9490,183,3.42,-3.45
9490,184,-1.06,-2.53
9490,185,-0.91,-1.05
9490,186,0.82,-5.27
9490,187,1.68,-1.66
9490,189,0.1,-5.69
9490,190,-0.12,-1.38
9490,192,2.14,1.92
9490,193,0.57,2.95
9500,180,-1.09,-6.72
9500,181,2.07,-4.07
9500,182,2.55,-3.59
9500,183,3.9,-3.56
9500,184,-1.2,-2.51
9500,185,-0.87,-1.04
9500,186,0.81,-5.93
9500,187,1.61,-2.3
9500,189,0,-5.68
9500,190,-0.07,-1.91
9500,192,2.1,1.22
9500,193,0.56,2.19
9500,194,1.73,-8.88
9500,195,2.25,-9.07
9500,196,2.06,3.85
9510,180,-1.09,-6.72
9510,181,2.12,-3.38
9510,182,2.67,-2.97
9510,185,-0.85,-1.04
9510,187,1.5,-2.95
9510,189,-0.04,-5.76
9510,190,0.26,-2.52
9510,192,2.02,0.5
9510,193,0.64,1.43
9510,194,1.78,-8.24
9510,195,2.32,-8.45
9510,196,1.99,3.31
9510,197,0.79,-6.56
9510,198,-1.33,-2.42
9510,199,-1.41,-3.52
9520,180,-1.09,-6.72
9520,181,2.14,-2.69
9520,182,2.71,-2.36
9520,185,-0.84,-1.04
9520,187,1.46,-3.61
9520,189,-0.02,-5.74
9520,190,0.58,-2.96
9520,192,1.88,-0.05
9520,193,0.63,0.67
9520,194,1.81,-7.76
9520,195,2.35,-7.9
9520,196,2.05,2.71
9520,197,0.71,-7.24
9520,198,-1.5,-2.31
9520,199,-1.3,-3.57
9530,180,-1.09,-6.72
9530,181,2.12,-2.11
9530,182,2.71,-1.69
9530,185,-0.85,-0.98
9530,187,1.44,-4.28
9530,189,-0.02,-5.74
9530,190,0.58,-3.55
9530,192,1.76,-0.63
9530,193,0.63,-0.07
9530,194,1.89,-7.21
9530,195,2.44,-7.36
9530,196,1.96,2.01
9530,197,0.67,-7.95
9530,198,-1.55,-2.12
9530,199,-1.1,-3.53
9540,180,-1.11,-6.8
9540,181,2.23,-1.45
9540,182,2.81,-1.06
9540,185,-0.87,-1
9540,187,1.38,-4.98
9540,189,-0.02,-5.74
9540,190,0.72,-4.01
9540,192,1.63,-1.27
9540,193,0.58,-0.81
9540,194,1.96,-6.59
9540,195,2.48,-6.81
9540,196,1.89,1.43
9540,197,0.6,-8.51
9540,198,-1.72,-2
9540,199,-1.04,-3.56
9550,180,-1.09,-6.72
9550,181,2.21,-0.75
9550,182,2.81,-0.45
9550,185,-0.91,-1.03
9550,187,1.35,-5.66
9550,189,-0.02,-5.74
9550,190,0.85,-4.55
9550,192,1.61,-2
9550,193,0.5,-1.58
9550,194,1.98,-5.99
9550,195,2.47,-6.13
9550,196,1.8,0.81
9550,197,0.47,-9.15
9550,199,-0.97,-3.67
9550,200,2.01,-9.76
9550,201,2.77,-9.89
9560,180,-1.09,-6.72
9560,181,2.15,-0.11
9560,182,2.75,0.15
9560,185,-0.91,-0.97
9560,187,1.29,-6.34
9560,189,-0.02,-5.74
9560,190,0.87,-5.11
9560,192,1.52,-2.59
9560,193,0.48,-2.37
9560,194,2.05,-5.38
9560,195,2.53,-5.55
9560,196,1.64,0.26
9560,199,-0.72,-3.67
9560,200,1.99,-9.21
9560,201,2.73,-9.31
9570,180,-1.09,-6.72
9570,181,2.28,0.54
9570,182,2.85,0.88
9570,185,-0.91,-0.99
9570,187,1.22,-6.98
9570,189,-0.02,-5.74
9570,190,1.05,-5.53
9570,192,1.46,-3.23
9570,193,0.49,-3.18
9570,194,2.06,-4.79
9570,195,2.57,-4.95
9570,196,1.57,-0.37
9570,199,-0.6,-3.73
9570,200,2.07,-8.66
9570,201,2.78,-8.78
9580,180,-1.09,-6.72
9580,181,2.13,1.19
9580,182,2.81,1.54
9580,185,-0.89,-1.03
9580,187,1.25,-7.76
9580,189,-0.1,-5.8
9580,190,0.86,-6.06
9580,192,1.44,-3.92
9580,193,0.55,-4.01
9580,194,2.1,-4.15
9580,195,2.58,-4.36
9580,196,1.42,-0.98
9580,199,-0.48,-3.9
9580,200,2.14,-8.14
9580,201,2.84,-8.25
9590,180,-1.09,-6.72
9590,181,2.13,1.77
9590,182,2.8,2.11
9590,185,-0.89,-1.06
9590,187,1.27,-8.41
9590,190,0.8,-6.7
9590,192,1.43,-4.58
9590,193,0.63,-4.71
9590,194,2.17,-3.56
9590,195,2.61,-3.79
9590,196,1.33,-1.55
9590,199,-0.39,-4.04
9590,200,2.13,-7.58
9590,201,2.84,-7.69
9590,202,-0.04,-5.7
9590,203,0.95,4
9600,180,-1.09,-6.72
9600,181,2.13,2.44
9600,182,2.76,2.68
9600,185,-0.88,-1.08
9600,187,1.26,-8.95
9600,190,0.9,-7.31
9600,192,1.45,-5.23
9600,193,0.62,-5.59
9600,194,2.14,-2.99
9600,195,2.59,-3.23
9600,196,1.26,-2.18
9600,199,-0.3,-4.21
9600,200,2.15,-6.96
9600,201,2.81,-7.09
9600,202,-0.04,-5.7
9600,203,1.05,3.5
9610,180,-1.09,-6.72
9610,181,2,3.07
9610,182,2.76,3.29
9610,185,-0.86,-1.08
9610,187,1.4,-9.75
9610,190,0.88,-7.94
9610,192,1.5,-5.85
9610,193,0.63,-6.36
9610,194,2.14,-2.45
9610,195,2.54,-2.7
9610,196,1.15,-2.81
9610,199,-0.3,-4.21
9610,200,2.12,-6.4
9610,201,2.86,-6.52
9610,203,0.93,3.02
9610,204,-0.12,-5.85
9620,180,-1.09,-6.72
9620,185,-0.91,-0.99
9620,190,0.89,-8.53
9620,192,1.6,-6.54
9620,193,0.48,-7.06
9620,194,2.09,-1.89
9620,195,2.5,-2.12
9620,196,1.15,-3.43
9620,199,-0.3,-4.21
9620,200,2.13,-5.85
9620,201,2.86,-5.99
9620,203,0.91,2.57
9620,204,-0.12,-5.85
9630,180,-1.09,-6.72
9630,185,-0.92,-1.07
9630,190,1.02,-9.12
9630,192,1.63,-7.27
9630,193,0.53,-7.88
9630,194,1.98,-1.32
9630,195,2.42,-1.53
9630,196,1.19,-4.18
9630,199,-0.03,-4.27
9630,200,2.2,-5.26
9630,201,2.78,-5.39
9630,203,0.94,2.09
9630,204,-0.46,-6.05
9630,205,3.49,0.22
9640,180,-1.09,-6.72
9640,185,-0.94,-1.11
9640,190,1.1,-9.71
9640,192,1.72,-7.97
9640,193,0.46,-8.62
9640,194,1.92,-0.77
9640,195,2.42,-0.96
9640,196,1.23,-4.72
9640,199,-0.03,-4.27
9640,200,2.14,-4.67
9640,201,2.76,-4.81
9640,203,0.84,1.62
9640,204,-0.64,-6.04
9640,205,3.43,-0.28
9650,180,-1.11,-6.7
9650,185,-0.94,-1.13
9650,192,1.85,-8.62
9650,193,0.42,-9.46
9650,194,1.83,-0.25
9650,195,2.38,-0.38
9650,196,1.4,-5.36
9650,199,-0.03,-4.27
9650,200,2.03,-4.11
9650,201,2.64,-4.25
9650,203,0.83,1.12
9650,204,-0.92,-5.91
9650,205,3.32,-0.69
9660,180,-1.11,-6.7
9660,185,-0.92,-1.11
9660,194,1.79,0.3
9660,195,2.35,0.17
9660,196,1.44,-5.99
9660,199,-0.03,-4.27
9660,200,1.95,-3.48
9660,201,2.68,-3.58
9660,203,0.74,0.66
9660,204,-1.12,-5.87
9660,205,3.34,-1.25
9660,206,1.26,3.84
9670,180,-1.11,-6.7
9670,185,-0.88,-1.08
9670,194,1.75,0.92
9670,195,2.33,0.67
9670,196,1.52,-6.64
9670,199,-0.03,-4.27
9670,200,1.84,-2.89
9670,201,2.65,-3.1
9670,203,0.56,0.12
9670,204,-1.26,-5.88
9670,205,3.39,-1.66
9670,206,1.24,3.41
9670,207,-0.45,2.58
9670,208,-0.98,2.79
9680,180,-1.11,-6.7
9680,185,-0.89,-0.97
9680,194,1.68,1.33
9680,195,2.23,1.36
9680,196,1.52,-7.3
9680,199,-0.24,-4.17
9680,200,1.79,-2.37
9680,201,2.5,-2.57
9680,203,0.6,-0.49
9680,204,-1.37,-5.79
9680,205,3.4,-2.19
9680,206,1.15,2.89
9680,207,-0.16,2.84
9680,208,-0.73,3.06
9690,180,-1.11,-6.7
9690,185,-0.95,-0.95
9690,194,1.73,1.89
9690,195,2.23,1.85
9690,196,1.44,-7.98
9690,199,-0.19,-4.3
9690,200,1.78,-1.81
9690,201,2.55,-1.95
9690,203,0.53,-1.02
9690,204,-1.46,-5.68
9690,205,3.42,-2.55
9690,206,1.14,2.37
9690,207,0.06,3.12
9690,208,-0.46,3.33
9700,180,-1.11,-6.7
9700,185,-0.95,-0.93
9700,194,1.78,2.4
9700,195,2.23,2.32
9700,199,-0.1,-4.15
9700,200,1.67,-1.14
9700,201,2.6,-1.4
9700,203,0.6,-1.6
9700,204,-1.46,-5.68
9700,205,3.45,-3
9700,206,1.07,1.78
9710,180,-1.11,-6.7
9710,185,-0.89,-1.03
9710,194,1.83,3.02
9710,195,2.25,2.87
9710,199,-0.2,-4.2
9710,200,1.73,-0.71
9710,201,2.57,-0.86
9710,203,0.74,-2.14
9710,204,-1.46,-5.68
9710,205,3.51,-3.48
9710,206,1.11,1.18
9720,180,-1.11,-6.7
9720,185,-0.89,-1.06
9720,199,-0.08,-4.37
9720,200,1.87,-0.21
9720,201,2.64,-0.3
9720,203,0.76,-2.76
9720,204,-1.44,-5.68
9720,205,3.66,-3.96
9720,206,1.1,0.6
9730,180,-1.11,-6.7
9730,185,-0.9,-1.1
9730,199,-0.14,-4.41
9730,200,1.78,0.38
9730,201,2.63,0.25
9730,203,0.95,-3.29
9730,204,-1.44,-5.68
9730,206,1.13,-0.08
9730,211,3.72,2.69
9730,212,3.94,0.89
9740,180,-1.11,-6.7
9740,185,-0.9,-1.12
9740,199,-0.09,-4.53
9740,200,1.81,0.91
9740,201,2.53,0.78
9740,203,0.97,-3.73
9740,204,-1.44,-5.68
9740,206,1.28,-0.58
9740,211,3.65,2.54
9740,212,3.97,1.13
9750,180,-1.11,-6.7
9750,185,-0.92,-1.11
9750,199,0.08,-4.71
9750,200,1.75,1.29
9750,201,2.55,1.38
9750,203,0.98,-4.44
9750,204,-1.44,-5.68
9750,206,1.29,-1.27
9750,211,3.49,2.44
9750,212,4.13,1.57
9760,180,-1.11,-6.7
9760,185,-0.96,-1.11
9760,199,0.18,-4.89
9760,200,1.68,1.96
9760,201,2.59,1.75
9760,203,1.12,-5.03
9760,204,-1.44,-5.68
9760,206,1.46,-1.89
9760,211,3.37,2.28
9770,180,-1.11,-6.7
9770,185,-0.96,-1.11
9770,200,1.7,2.43
9770,201,2.38,2.38
9770,203,1.07,-5.59
9770,204,-1.44,-5.68
9770,206,1.56,-2.5
9770,211,3.27,2.08
9770,213,0.37,-5.19
9780,180,-1.11,-6.7
9780,185,-0.94,-1.11
9780,200,1.75,3
9780,201,2.5,2.92
9780,203,1.11,-6.18
9780,204,-1.44,-5.68
9780,206,1.71,-3.09
9780,211,3.2,1.8
9780,213,0.51,-5.48
9790,180,-1.11,-6.7
9790,185,-0.94,-1.11
9790,203,1.1,-6.72
9790,204,-1.44,-5.68
9790,206,1.88,-3.67
9790,211,3.19,1.57
9790,213,0.68,-5.5
9790,214,1.45,-9.95
9800,180,-1.11,-6.7
9800,185,-0.94,-1.11
9800,203,0.95,-7.42
9800,204,-1.44,-5.68
9800,206,2.01,-4.36
9800,211,3.25,1.31
9800,213,0.54,-5.67
9800,214,1.77,-9.4
9810,180,-1.11,-6.7
9810,185,-0.94,-1.11
9810,203,0.99,-8.07
9810,204,-1.44,-5.68
9810,206,2.29,-4.97
9810,211,3.26,1.13
9810,213,0.42,-5.96
9810,214,2,-8.89
9820,180,-1.11,-6.7
9820,185,-0.94,-1.11
9820,203,0.92,-8.61
9820,204,-1.44,-5.68
9820,206,2.63,-5.45
9820,211,3.21,0.94
9820,213,0.52,-6.27
9820,214,2.27,-8.31
9820,215,2.86,-10.01
9830,180,-1.11,-6.7
9830,185,-0.94,-1.11
9830,203,0.94,-9.26
9830,204,-1.44,-5.68
9830,206,3.07,-6.05
9830,211,3.15,0.78
9830,213,0.57,-6.68
9830,214,2.55,-7.87
9830,215,2.88,-9.62
9840,180,-1.11,-6.7
9840,185,-0.94,-1.11
9840,203,0.92,-9.87
9840,204,-1.44,-5.68
9840,206,3.44,-6.51
9840,211,3.14,0.66
9840,213,0.59,-7.01
9840,214,2.68,-7.22
9840,215,2.84,-9.28
9850,180,-1.11,-6.7
9850,185,-0.94,-1.11
9850,204,-1.44,-5.68
9850,206,4.06,-7.27
9850,211,3.17,0.46
9850,213,0.61,-7.36
9850,214,2.94,-6.71
9850,215,2.61,-8.87
9860,180,-1.11,-6.7
9860,185,-0.97,-1.02
9860,204,-1.44,-5.68
9860,211,3.2,0.36
9860,213,0.76,-7.75
9860,214,3.17,-6.21
9860,215,2.48,-8.56
9870,180,-1.11,-6.7
9870,185,-0.92,-1.11
9870,204,-1.44,-5.68
9870,211,3.18,0.34
9870,213,0.84,-8.08
9870,214,3.44,-5.77
9870,215,2.39,-8.14
9880,180,-1.11,-6.7
9880,185,-0.92,-1.11
9880,204,-1.44,-5.68
9880,211,3.16,0.33
9880,213,0.83,-8.48
9880,214,3.85,-5.43
9880,215,2.3,-7.81
9890,180,-1.11,-6.7
9890,185,-0.92,-1.11
9890,204,-1.44,-5.68
9890,211,3.03,0.33
9890,213,0.89,-8.87
9890,214,4.23,-5.06
9890,215,2.08,-7.48
9900,180,-1.11,-6.7
9900,185,-0.92,-1.11
9900,204,-1.44,-5.68
9900,213,0.96,-9.3
9900,215,1.9,-7.17
9900,216,2.93,0.44
9910,180,-1.11,-6.7
9910,185,-0.94,-1.11
9910,204,-1.44,-5.68
9910,215,1.84,-6.74
9910,216,2.76,0.54
10060,219,0.53,-1.14
10060,220,3.24,-1.56
10060,221,3.93,-4.73
10060,222,-0.99,-1.06
10060,223,1.5,4.04
10070,219,0.51,-0.74
10070,220,3.13,-2.18
10070,221,3.93,-4.25
10070,222,-1.02,-1.16
10070,223,1.44,3.65
10070,224,0.51,4.14
10080,219,0.45,-0.41
10080,220,3.14,-2.81
10080,221,3.91,-3.66
10080,222,-1.02,-1.2
10080,223,1.65,3.17
10080,224,0.56,3.73
10080,225,3.92,-6.47
10080,226,1.63,-9.9
10090,219,0.3,-0.08
10090,220,3.16,-3.38
10090,221,3.92,-3.13
10090,222,-1.06,-1.2
10090,223,1.65,2.74
10090,224,0.73,3.36
10090,225,3.61,-5.98
10090,226,1.73,-9.46
10100,219,0.17,0.24
10100,220,3.24,-3.96
10100,221,4,-2.68
10100,222,-1.1,-1.17
10100,223,1.62,2.27
10100,224,0.74,2.94
10100,225,3.17,-5.52
10100,226,1.71,-8.94
10110,219,0.19,0.6
10110,220,3.5,-4.46
10110,221,4,-2.05
10110,222,-1.12,-1.15
10110,223,1.65,1.83
10110,224,0.73,2.5
10110,225,2.87,-5
10110,226,1.7,-8.45
10110,227,1.73,3.81
10120,219,0.19,1.04
10120,220,3.55,-5.13
10120,221,4.02,-1.59
10120,222,-1.11,-1.13
10120,223,1.72,1.4
10120,224,0.94,2.09
10120,225,2.61,-4.42
10120,226,1.63,-7.97
10120,227,1.81,3.27
10130,219,0.08,1.4
10130,220,3.61,-5.72
10130,221,4.05,-1.01
10130,222,-1.13,-1.11
10130,223,1.62,1
10130,224,0.95,1.64
10130,225,2.37,-3.8
10130,226,1.49,-7.44
10130,227,1.83,2.77
10140,219,0.06,1.79
10140,220,3.57,-6.39
10140,221,4.06,-0.49
10140,222,-1.15,-1.08
10140,223,1.67,0.49
10140,224,0.9,1.09
10140,225,2.41,-3.14
10140,226,1.45,-6.91
10140,227,2.05,2.26
10150,219,0.2,2.15
10150,220,3.38,-6.98
10150,221,4.07,0.03
10150,222,-1.15,-1.08
10150,223,1.68,0.02
10150,224,1.05,0.69
10150,225,2.42,-2.6
10150,226,1.4,-6.41
10150,227,2.09,1.77
10160,219,0.28,2.46
10160,220,3.31,-7.58
10160,221,4.06,0.54
10160,222,-1.15,-1.08
10160,223,1.6,-0.49
10160,224,1.08,0.24
10160,225,2.44,-1.99
10160,226,1.3,-5.92
10160,227,2.01,1.25
10170,219,0.26,2.78
10170,220,3.1,-8.1
10170,221,4.02,1.07
10170,222,-1.15,-1.08
10170,223,1.63,-0.95
10170,224,0.97,-0.32
10170,225,2.67,-1.41
10170,226,1.27,-5.41
10170,227,2.04,0.75
10180,219,0.24,3.09
10180,220,2.91,-8.75
10180,221,3.87,1.61
10180,222,-1.15,-1.08
10180,223,1.66,-1.41
10180,224,1.1,-0.76
10180,225,2.74,-0.81
10180,226,1.2,-4.94
10180,227,1.94,0.33
10190,220,2.8,-9.3
10190,221,3.88,2.19
10190,222,-1.15,-1.08
10190,223,1.65,-1.91
10190,224,1.2,-1.19
10190,225,2.77,-0.18
10190,226,1.11,-4.47
10190,227,1.84,-0.07
10200,221,3.76,2.6
10200,222,-1.15,-1.08
10200,223,1.73,-2.4
10200,224,1.13,-1.84
10200,225,2.75,0.49
10200,226,1.1,-3.99
10200,227,1.96,-0.56
10210,222,-1.15,-1.1
10210,223,1.84,-2.81
10210,224,1.2,-2.25
10210,225,2.55,1.09
10210,226,0.96,-3.53
10210,227,2.01,-1.06
10220,222,-1.22,-1.2
10220,223,1.89,-3.27
10220,224,1.42,-2.66
10220,225,2.56,1.68
10220,226,0.83,-3.09
10220,227,2.04,-1.58
10230,222,-1.34,-1.32
10230,223,1.94,-3.72
10230,224,1.41,-3.12
10230,225,2.45,2.27
10230,226,0.75,-2.6
10230,227,2.19,-2.06
10240,222,-1.34,-1.32
10240,223,2.02,-4.2
10240,224,1.41,-3.58
10240,225,2.28,2.87
10240,226,0.66,-2.15
10240,227,2.24,-2.48
10250,222,-1.73,-1.48
10250,223,2.01,-4.72
10250,224,1.57,-4.08
10250,226,0.67,-1.7
10250,227,2.18,-2.93
10260,222,-1.76,-1.39
10260,223,1.94,-5.31
10260,224,1.41,-4.58
10260,226,0.75,-1.23
10260,227,2.18,-3.33
10260,230,0.92,-9.7
10260,231,2.76,-9.47
10260,232,3.51,-9.96
10260,233,-1.11,-6.76
10270,223,1.9,-5.79
10270,224,1.23,-5.11
10270,226,0.82,-0.7
10270,227,2.15,-3.8
10270,230,0.74,-9.15
10270,231,2.87,-9.14
10270,232,3.42,-9.51
10270,233,-1.11,-6.76
10280,223,1.85,-6.3
10280,224,1.37,-5.54
10280,226,0.97,-0.3
10280,227,2.04,-4.29
10280,230,0.62,-8.59
10280,231,2.92,-8.75
10280,232,3.44,-9.13
10280,233,-1.11,-6.76
10290,223,1.91,-6.83
10290,224,1.37,-6
10290,226,1.14,0.28
10290,227,1.96,-4.7
10290,230,0.57,-8.02
10290,231,2.95,-8.27
10290,232,3.55,-8.74
10290,233,-1.11,-6.76
10300,223,1.93,-7.29
10300,224,1.17,-6.57
10300,226,1.26,0.78
10300,227,1.97,-5.21
10300,230,0.44,-7.42
10300,231,3.06,-7.88
10300,232,3.56,-8.31
10300,233,-1.09,-6.76
10310,223,1.84,-7.76
10310,224,1.19,-7.05
10310,226,1.47,1.26
10310,227,1.89,-5.65
10310,230,0.41,-6.89
10310,231,3.12,-7.49
10310,232,3.56,-7.88
10310,233,-1.09,-6.76
10320,223,1.84,-8.24
10320,224,1.3,-7.5
10320,226,1.59,1.74
10320,227,1.75,-6.11
10320,230,0.41,-6.31
10320,231,3.1,-7.1
10320,232,3.64,-7.45
10320,233,-1.09,-6.76
10330,223,1.86,-8.77
10330,224,1.14,-8.04
10330,227,1.78,-6.52
10330,230,0.34,-5.69
10330,231,3.14,-6.74
10330,232,3.59,-7.07
10330,233,-1.09,-6.76
10340,223,1.76,-9.22
10340,224,1.13,-8.48
10340,227,1.78,-7
10340,230,0.44,-5.03
10340,231,3.16,-6.37
10340,232,3.65,-6.55
10340,233,-1.09,-6.76
10350,227,1.63,-7.53
10350,230,0.53,-4.49
10350,231,3.09,-5.91
10350,232,3.63,-6.21
10350,233,-1.09,-6.76
10360,227,1.64,-8.03
10360,230,0.56,-3.85
10360,231,3.06,-5.55
10360,232,3.71,-5.73
10360,233,-1.09,-6.76
10370,227,1.69,-8.61
10370,230,0.74,-3.33
10370,231,3.1,-5.18
10370,232,3.63,-5.31
10370,233,-1.09,-6.76
10370,234,2.62,2.32
10370,235,4.01,-9.26
10370,236,3.41,-9.41
10380,230,0.8,-2.75
10380,231,3.05,-4.78
10380,232,3.63,-5
10380,233,-1.09,-6.76
10380,234,2.52,1.51
10380,235,4.03,-8.87
10380,236,3.38,-9.07
10390,230,0.85,-2.21
10390,231,2.98,-4.42
10390,232,3.63,-4.65
10390,233,-1.09,-6.76
10390,234,2.37,0.74
10390,235,4.05,-8.52
10390,236,3.32,-8.73
10400,230,0.95,-1.66
10400,231,3.09,-4.06
10400,232,3.65,-4.29
10400,233,-1.09,-6.76
10400,234,2.25,-0.11
10400,235,3.96,-8.16
10400,236,3.36,-8.38
10410,230,0.95,-1.08
10410,231,3.05,-3.72
10410,232,3.58,-3.94
10410,233,-1.09,-6.76
10410,234,2.01,-1
10410,235,3.92,-7.84
10410,236,3.34,-8.04
10420,230,1.03,-0.55
10420,231,3,-3.34
10420,232,3.47,-3.65
10420,233,-1.09,-6.76
10420,234,1.93,-1.91
10420,235,3.99,-7.52
10420,236,3.26,-7.62
10420,237,2.71,-9.67
10430,230,1.14,0
10430,231,3.07,-3.03
10430,232,3.52,-3.3
10430,233,-1.09,-6.76
10430,234,1.73,-2.72
10430,235,3.94,-7.18
10430,236,3.24,-7.28
10430,237,2.57,-8.87
10440,230,1.19,0.59
10440,231,3.16,-2.71
10440,232,3.65,-2.93
10440,233,-1.09,-6.76
10440,234,1.66,-3.63
10440,235,3.87,-6.86
10440,236,3.3,-6.83
10440,237,2.56,-8.09
10440,238,0.66,4.27
10440,239,1.13,4.18
10450,230,1.35,1.12
10450,231,3.14,-2.32
10450,232,3.65,-2.54
10450,233,-1.09,-6.76
10450,234,1.59,-4.6
10450,235,3.96,-6.46
10450,236,3.21,-6.53
10450,237,2.47,-7.33
10450,238,0.67,4.29
10450,239,1.11,4.21
10460,230,1.46,1.66
10460,231,3.13,-1.96
10460,232,3.65,-2.17
10460,233,-1.09,-6.76
10460,234,1.49,-5.47
10460,235,3.89,-6.14
10460,236,3.14,-6.07
10460,237,2.35,-6.54
10460,238,0.65,4.3
10460,239,1.13,4.18
10470,230,1.51,2.21
10470,231,3.18,-1.56
10470,232,3.66,-1.78
10470,233,-1.09,-6.76
10470,234,1.44,-6.37
10470,235,3.8,-5.78
10470,236,3.21,-5.71
10470,237,2.34,-5.73
10470,238,0.65,4.3
10470,239,1.1,4.21
10480,230,1.66,2.72
10480,231,3.13,-1.22
10480,232,3.68,-1.33
10480,233,-1.07,-6.76
10480,234,1.35,-7.25
10480,235,3.82,-5.37
10480,236,3.18,-5.27
10480,237,2.2,-4.9
10480,238,0.65,4.3
10480,239,1.09,4.19
10490,230,1.73,3.26
10490,231,3.02,-0.85
10490,232,3.65,-0.94
10490,233,-1.07,-6.76
10490,234,1.43,-8.16
10490,235,3.83,-4.9
10490,236,3.1,-4.89
10490,237,2.12,-4.06
10490,238,0.68,4.29
10490,239,1.08,4.19
10500,230,1.76,3.81
10500,231,3.04,-0.5
10500,232,3.65,-0.59
10500,233,-1.07,-6.76
10500,235,3.76,-4.48
10500,236,3.11,-4.53
10500,237,2.05,-3.27
10500,238,0.7,4.28
10500,239,1.09,4.19
10510,231,3.06,-0.11
10510,232,3.64,-0.08
10510,233,-1.11,-6.74
10510,235,3.82,-4.08
10510,236,3.13,-4.16
10510,237,1.93,-2.5
10510,238,0.7,4.27
10510,239,1.15,4.2
10520,231,3,0.33
10520,232,3.55,0.25
10520,233,-1.21,-6.69
10520,235,3.84,-3.73
10520,236,3.07,-3.76
10520,237,1.94,-1.75
10520,238,0.68,4.29
10520,239,1.11,4.21
10520,240,3.04,-8.95
10530,231,2.97,0.79
10530,232,3.48,0.65
10530,235,3.8,-3.35
10530,236,3.01,-3.38
10530,237,1.86,-1.02
10530,238,0.68,4.29
10530,239,1.09,4.19
10530,240,3.09,-8.38
10540,231,3.01,1.17
10540,232,3.58,1.06
10540,235,3.82,-2.99
10540,236,3.07,-3
10540,237,1.82,-0.18
10540,238,0.68,4.29
10540,239,1.08,4.19
10540,240,3.08,-7.79
10550,231,3.01,1.56
10550,232,3.58,1.39
10550,235,3.82,-2.62
10550,236,3.05,-2.64
10550,237,1.86,0.64
10550,238,0.63,4.28
10550,239,0.98,4.13
10550,240,3.03,-7.17
10560,231,2.99,1.94
10560,232,3.4,1.77
10560,235,3.79,-2.22
10560,236,2.93,-2.21
10560,237,1.78,1.41
10560,240,3.08,-6.56
10570,231,3.09,2.31
10570,232,3.42,2.16
10570,235,3.74,-1.85
10570,236,3.01,-1.83
10570,237,1.89,2.08
10570,240,2.95,-5.92
10570,241,0.94,4.16
10570,243,2.73,-9.63
10580,231,3.09,2.64
10580,232,3.55,2.5
10580,235,3.75,-1.42
10580,236,3.08,-1.46
10580,237,1.89,2.78
10580,240,2.93,-5.27
10580,241,0.85,4.24
10580,243,2.74,-8.89
10590,231,3.52,2.94
10590,232,3,2.99
10590,235,3.68,-1.06
10590,236,3.01,-1.08
10590,237,1.82,3.58
10590,240,2.86,-4.63
10590,243,2.81,-8.2
10600,235,3.64,-0.72
10600,236,2.96,-0.74
10600,240,2.79,-4.17
10600,243,2.83,-7.51
10600,247,0.82,4.02
10610,235,3.67,-0.24
10610,236,3.05,-0.38
10610,240,2.87,-3.46
10610,243,2.77,-6.85
10610,247,0.79,3.87
10610,251,0.59,4.25
10620,235,3.61,0.02
10620,236,3.03,-0.07
10620,240,2.72,-2.87
10620,243,2.83,-6.18
10620,247,0.79,3.77
10620,251,0.59,4.25
10620,252,3.51,-8.96
10620,253,4.01,-9.1
10630,235,3.54,0.4
10630,236,3.02,0.35
10630,240,2.71,-2.32
10630,243,2.79,-5.49
10630,247,0.82,4.04
10630,252,3.44,-8.52
10630,253,3.99,-8.63
10640,235,3.58,0.77
10640,236,2.93,0.73
10640,240,2.76,-1.74
10640,243,2.93,-4.57
10640,247,0.85,4.14
10640,252,3.45,-8.09
10640,253,3.99,-8.2
10650,235,3.5,1.07
10650,236,2.95,1.06
10650,240,2.74,-1.16
10650,243,2.78,-4.09
10650,247,0.79,3.79
10650,252,3.35,-7.61
10650,253,4,-7.73
10660,235,3.38,1.37
10660,236,2.88,1.41
10660,240,2.76,-0.69
10660,243,2.88,-3.13
10660,247,0.82,4.04
10660,252,3.32,-7.17
10660,253,4,-7.32
10670,235,3.42,1.79
10670,236,2.88,1.74
10670,240,2.73,-0.2
10670,243,2.72,-2.42
10670,247,0.88,4.07
10670,252,3.39,-6.72
10670,253,3.9,-6.92
10680,235,3.44,2.15
10680,236,2.91,2.09
10680,240,2.67,0.26
10680,243,2.61,-1.76
10680,247,0.83,4.14
10680,252,3.36,-6.29
10680,253,3.9,-6.49
10690,235,3.4,2.51
10690,236,2.86,2.43
10690,240,2.64,0.8
10690,243,2.58,-1.08
10690,247,0.75,3.78
10690,252,3.34,-5.72
10690,253,3.88,-6.02
10700,235,3.48,2.87
10700,236,2.77,2.76
10700,240,2.61,1.26
10700,243,2.48,-0.48
10700,247,0.81,3.85
10700,252,3.45,-5.26
10700,253,3.95,-5.62
10710,235,3.51,3.23
10710,236,2.84,3.08
10710,240,2.49,1.73
10710,243,2.39,0.11
10710,247,0.75,3.86
10710,252,3.42,-4.82
10710,253,3.96,-5.15
10710,254,2.83,-9.83
10720,235,3.46,3.59
10720,236,2.88,3.48
10720,240,2.64,2.09
10720,243,2.43,0.65
10720,252,3.34,-4.4
10720,253,3.96,-4.68
10720,254,2.76,-9.15
10720,255,1.59,4.04
10730,235,3.52,3.73
10730,236,2.79,3.81
10730,240,2.6,2.4
10730,243,2.44,1.14
10730,252,3.57,-3.97
10730,253,4.04,-4.2
10730,254,2.78,-8.46
10730,255,1.45,3.45
10730,256,0.71,3.76
10740,240,2.55,2.82
10740,243,2.49,1.59
10740,252,3.6,-3.59
10740,253,4.11,-3.82
10740,254,2.78,-7.82
10740,255,1.46,2.73
10740,256,0.66,3.93
10750,240,2.65,3.27
10750,243,2.64,2.08
10750,252,3.66,-3.1
10750,253,4.12,-3.33
10750,254,2.75,-7.19
10750,255,1.38,1.99
10750,256,0.73,3.78
10760,252,3.83,-2.6
10760,253,4.38,-2.78
10760,254,2.81,-6.52
10760,255,1.38,1.33
10770,254,2.79,-5.85
10770,255,1.42,0.61
10780,254,2.81,-5.23
10780,255,1.43,-0.15
10780,257,-0.2,-2.83
10790,254,2.86,-4.57
10790,255,1.54,-0.9
10790,257,0.35,-2.9
10790,258,1.72,2.47
10800,254,2.88,-3.86
10800,255,1.57,-1.66
10800,257,0.91,-3.08
10800,258,1.71,1.86
10810,254,2.98,-3.28
10810,255,1.55,-2.32
10810,257,1.55,-3.34
10810,258,1.8,1.19
10820,254,3,-2.65
10820,255,1.59,-2.88
10820,257,2.19,-3.53
10820,258,1.84,0.59
10830,254,2.98,-2.02
10830,255,1.57,-3.64
10830,257,2.76,-3.77
10830,258,1.93,0.18
10840,254,3,-1.37
10840,255,1.6,-4.38
10840,257,3.33,-3.91
10840,258,2.04,-0.55
10850,254,2.92,-0.74
10850,255,1.69,-5.25
10850,257,4,-3.9
10850,258,2.1,-1.12
10850,259,3.57,2.91
10860,254,2.85,-0.14
10860,255,1.65,-5.99
10860,259,3.45,2.33
10860,260,2.41,-1.47
10870,254,2.76,0.53
10870,255,1.75,-6.75
10870,259,3.45,1.78
10870,260,2.77,-1.9
10880,254,2.62,1.14
10880,255,1.89,-7.63
10880,259,3.48,1.27
10880,260,3.22,-2.25
10890,254,2.6,1.75
10890,255,1.83,-8.38
10890,259,3.45,0.71
10890,260,3.71,-2.48
10900,254,2.58,2.34
10900,255,1.81,-9.1
10900,259,3.45,0.14
10900,260,4.21,-2.76
10900,261,1.28,3.86
10910,254,2.58,2.89
10910,259,3.42,-0.42
10910,261,1.36,3.19
10920,254,2.46,3.44
10920,259,3.39,-1
10920,261,1.42,2.62
10930,259,3.45,-1.59
10930,261,1.48,2.02
10940,259,3.45,-2.22
10940,261,1.7,1.4
10950,259,3.47,-2.83
10950,261,1.8,0.79
10960,259,3.44,-3.41
10960,261,1.9,0.2
10970,259,3.32,-4.03
10970,261,2.06,-0.4
10980,259,3.22,-4.64
10980,261,2.07,-1.01
10990,259,3.02,-5.23
10990,261,2.14,-1.66
11000,259,2.86,-5.83
11000,261,2.11,-2.31
11000,262,3.39,-9.39
11010,259,2.76,-6.46
11010,261,2.03,-2.97
11010,262,3.46,-8.8
11010,263,1.16,-10.08
11020,259,2.66,-7.24
11020,261,2.09,-3.65
11020,262,3.42,-8.18
11020,263,1.2,-9.39
11030,259,2.72,-7.86
11030,261,2.03,-4.36
11030,262,3.49,-7.6
11030,263,1.27,-8.75
11040,259,2.74,-8.52
11040,261,2.1,-5.03
11040,262,3.42,-6.92
11040,263,1.23,-8.14
11050,259,2.87,-9.16
11050,261,2.16,-5.71
11050,262,3.36,-6.29
11050,263,1.24,-7.52
11060,259,3.08,-9.84
11060,261,2.05,-6.38
11060,262,3.3,-5.69
11060,263,1.34,-6.82
11070,261,2.07,-7.08
11070,262,3.21,-5.11
11070,263,1.39,-6.14
11080,261,1.92,-7.73
11080,262,3.22,-4.56
11080,263,1.56,-5.52
11090,261,1.76,-8.36
11090,262,3.24,-3.96
11090,263,1.76,-4.86
11100,262,3.16,-3.32
11100,263,1.89,-4.23
11110,262,3.19,-2.72
11110,263,2.09,-3.63
11120,262,3.29,-2.18
11120,263,2.24,-2.98
11130,262,3.28,-1.39
11130,263,2.27,-2.33
11140,262,3.37,-0.76
11140,263,2.42,-1.69
11150,262,3.38,-0.22
11150,263,2.47,-1.03
11150,264,1.86,3.3
11160,262,3.36,0.39
11160,263,2.45,-0.37
11160,264,1.87,2.74
11170,262,3.36,1
11170,263,2.51,0.29
11170,264,1.73,2.17
11180,262,3.21,1.57
11180,263,2.47,0.94
11180,264,1.79,1.57
11190,262,3.16,2.03
11190,263,2.39,1.57
11190,264,1.66,0.99
11200,262,3.11,2.66
11200,263,2.41,2.13
11200,264,1.61,0.4
11210,262,2.99,3.21
11210,263,2.34,2.66
11210,264,1.65,-0.2
11790,275,2.84,3.8
11790,276,2.05,1.96
11790,277,0.21,0.31
11790,278,1.2,2.72
11790,279,1.64,-6.77
11790,280,2.9,-3.9
11790,281,3.38,-4.25
11790,282,3.51,-8.64
11800,276,2.02,2.52
11800,277,0.2,-0.25
11800,278,1.14,2.07
11800,279,1.65,-7.29
11800,280,2.86,-3.27
11800,281,3.33,-3.61
11800,282,3.52,-8.05
11810,276,1.98,3.12
11810,277,0.13,-0.77
11810,278,1.18,1.43
11810,279,1.75,-7.78
11810,280,2.8,-2.67
11810,281,3.29,-3
11810,282,3.57,-7.43
11820,276,2.11,3.72
11820,277,0.1,-1.33
11820,278,1.19,0.83
11820,279,1.85,-8.28
11820,280,2.78,-2.05
11820,281,3.26,-2.41
11820,282,3.62,-6.74
11830,277,0.22,-1.91
11830,278,1.17,0.17
11830,279,1.9,-8.85
11830,280,2.72,-1.46
11830,281,3.24,-1.84
11830,282,3.62,-6.13
11840,277,0.24,-2.44
11840,278,1.22,-0.5
11840,279,2.03,-9.4
11840,280,2.71,-0.9
11840,281,3.24,-1.27
11840,282,3.62,-5.51
11850,277,0.25,-3.01
11850,278,1.22,-1.16
11850,280,2.69,-0.33
11850,281,3.21,-0.68
11850,282,3.62,-4.88
11860,277,0.35,-3.56
11860,278,1.26,-1.82
11860,280,2.63,0.27
11860,281,3.15,-0.1
11860,282,3.63,-4.31
11870,277,0.43,-4.26
11870,278,1.32,-2.49
11870,280,2.63,0.84
11870,281,3.25,0.7
11870,282,3.41,-3.64
11880,277,0.27,-4.71
11880,278,1.34,-3.17
11880,280,2.6,1.41
11880,281,3.21,1.3
11880,282,3.34,-3.05
11890,277,0.33,-5.32
11890,278,1.43,-3.88
11890,280,2.53,2.02
11890,281,3.17,1.89
11890,282,3.21,-2.46
11900,277,0.27,-5.93
11900,278,1.43,-4.58
11900,280,2.54,2.56
11900,281,3.22,2.46
11900,282,3.1,-1.88
11910,277,0.18,-6.51
11910,278,1.41,-5.28
11910,281,3.21,3.01
11910,282,3.07,-1.29
11920,277,0.21,-7.04
11920,278,1.42,-6.01
11920,282,3.05,-0.7
11920,283,3.6,-9.22
11930,277,0.08,-7.68
11930,278,1.36,-6.74
11930,282,3.05,-0.11
11930,283,3.61,-8.63
11940,277,0.06,-8.4
11940,278,1.38,-7.45
11940,282,3.08,0.59
11940,283,3.57,-8.02
11950,277,0.1,-8.97
11950,278,1.32,-8.23
11950,282,3.08,1.18
11950,283,3.59,-7.39
11960,277,0.18,-9.55
11960,278,1.28,-8.91
11960,282,3.11,1.72
11960,283,3.55,-6.76
11970,282,3.12,2.29
11970,283,3.51,-6.16
11980,282,3.1,2.86
11980,283,3.46,-5.53
11990,282,3.09,3.35
11990,283,3.36,-4.89
12450,284,1.02,0.95
12450,285,1.51,0.98
12450,286,-0.26,-3.17
12450,287,3.65,-5.18
12450,288,3.09,-7.33
12460,284,1.02,0.21
12460,285,1.51,0.26
12460,286,-0.27,-2.66
12460,287,3.54,-4.54
12460,288,3.02,-6.66
12470,284,1.06,-0.47
12470,285,1.56,-0.43
12470,286,-0.26,-2.09
12470,287,3.54,-3.97
12470,288,2.95,-6
12480,284,1.02,-1.19
12480,285,1.52,-1.14
12480,286,-0.3,-1.5
12480,287,3.52,-3.38
12480,288,2.91,-5.36
12480,289,2.98,-7.05
12490,284,1.02,-1.87
12490,285,1.51,-1.79
12490,286,-0.25,-0.96
12490,287,3.53,-2.81
12490,288,2.91,-4.73
12490,289,2.98,-6.43
12500,284,0.94,-2.62
12500,285,1.48,-2.57
12500,286,-0.18,-0.4
12500,287,3.54,-2.27
12500,288,2.85,-4.05
12500,289,2.87,-5.81
12500,290,3.58,-7.51
12510,284,0.88,-3.34
12510,285,1.41,-3.26
12510,286,-0.16,0.15
12510,287,3.5,-1.7
12510,288,2.76,-3.37
12510,289,2.81,-5.21
12510,290,3.58,-6.86
12510,291,2.72,-8.56
12520,284,0.91,-4.09
12520,285,1.44,-4.02
12520,286,-0.08,0.66
12520,287,3.46,-1.14
12520,288,2.58,-2.78
12520,289,2.79,-4.54
12520,290,3.71,-6.18
12520,291,2.64,-7.9
12520,292,-0.85,2.36
12520,293,-0.81,4.04
12520,294,-0.39,4.29
12530,284,0.88,-4.87
12530,285,1.4,-4.78
12530,286,-0.03,1.2
12530,287,3.45,-0.65
12530,288,2.34,-2.12
12530,289,2.64,-3.95
12530,290,3.79,-5.58
12530,291,2.41,-7.16
12530,292,-0.85,2.36
12530,293,-0.81,4.04
12530,294,-0.4,4.13
12540,284,0.9,-5.62
12540,285,1.41,-5.5
12540,286,-0.09,1.85
12540,287,3.41,-0.08
12540,288,2.13,-1.52
12540,289,2.53,-3.35
12540,290,3.84,-4.94
12540,291,2.47,-6.39
12540,292,-0.85,2.36
12540,293,-0.81,4.04
12540,294,-0.4,4.05
12550,284,0.84,-6.38
12550,285,1.35,-6.26
12550,286,-0.02,2.37
12550,287,3.4,0.48
12550,288,1.87,-0.96
12550,289,2.38,-2.75
12550,290,4.01,-4.2
12550,291,2.36,-5.69
12550,292,-0.85,2.36
12550,293,-0.81,4.04
12550,294,-0.41,4.21
12560,284,0.76,-7.12
12560,285,1.29,-7.06
12560,286,0.03,2.86
12560,287,3.38,1.01
12560,288,1.66,-0.4
12560,289,2.13,-2.23
12560,290,4.04,-3.58
12560,291,2.31,-4.99
12560,292,-0.85,2.36
12560,293,-0.81,4.04
12560,294,-0.42,4.09
12570,284,0.73,-7.99
12570,285,1.32,-7.87
12570,286,0.02,3.37
12570,287,3.44,1.61
12570,288,1.46,0.13
12570,289,2,-1.62
12570,290,4.19,-3.01
12570,291,2.31,-4.27
12570,292,-0.85,2.36
12570,293,-0.81,4.04
12570,294,-0.42,4.03
12580,284,0.71,-8.72
12580,285,1.3,-8.53
12580,286,0.11,3.84
12580,287,3.48,2.21
12580,288,1.23,0.68
12580,289,1.84,-1.06
12580,291,2.31,-3.54
12580,292,-0.85,2.36
12580,293,-0.81,4.04
12580,294,-0.42,4.01
12590,284,0.83,-9.46
12590,285,1.4,-9.4
12590,286,0.11,4.32
12590,287,3.43,2.68
12590,288,1.06,1.19
12590,289,1.69,-0.54
12590,291,2.43,-2.86
12590,292,-0.85,2.36
12590,293,-0.81,4.04
12590,294,-0.47,4.24
12590,295,3.69,-2.74
12600,284,0.76,-10.12
12600,287,3.41,3.23
12600,288,0.82,1.65
12600,289,1.63,0.14
12600,291,2.41,-2.11
12600,292,-0.85,2.36
12600,293,-0.81,4.04
12600,294,-0.47,4.28
12600,295,3.48,-2.07
12610,287,3.39,3.66
12610,288,0.65,2.07
12610,289,1.51,0.7
12610,291,2.26,-1.47
12610,292,-0.85,2.36
12610,293,-0.81,4.04
12610,294,-0.41,4.21
12610,295,3.36,-1.36
12620,288,0.45,2.53
12620,289,1.53,1.25
12620,291,2.39,-0.8
12620,292,-0.85,2.36
12620,293,-0.81,4.04
12620,294,-0.46,4.12
12620,295,3.23,-0.68
12630,288,0.22,2.87
12630,289,1.52,1.79
12630,291,2.37,-0.11
12630,292,-0.85,2.36
12630,293,-0.81,4.04
12630,294,-0.43,4.16
12630,295,3.12,0
12640,288,0.18,3.08
12640,289,1.4,2.33
12640,291,2.37,0.54
12640,292,-0.85,2.36
12640,293,-0.81,4.04
12640,294,-0.44,4.12
12640,295,3.11,0.69
12650,288,0.08,3.36
12650,289,1.36,2.89
12650,291,2.32,1.18
12650,292,-0.85,2.36
12650,293,-0.81,4.04
12650,294,-0.44,4.06
12650,295,3.09,1.41
12660,288,0.02,3.33
12660,289,1.2,3.42
12660,291,2.37,1.79
12660,292,-0.85,2.36
12660,293,-0.81,4.04
12660,294,-0.42,4.15
12660,295,3.16,2.01
12670,288,0,3.37
12670,289,0.89,3.95
12670,291,2.42,2.41
12670,292,-0.85,2.36
12670,293,-0.81,4.04
12670,294,-0.42,4.07
12670,295,3.18,2.65
12680,288,0,3.39
12680,292,-0.85,2.36
12680,293,-0.81,4.04
12680,294,-0.42,4.03
12690,288,0,3.39
12690,292,-0.85,2.36
12690,293,-0.81,4.04
12690,294,-0.42,4.01
12700,288,0,3.39
12700,292,-0.85,2.36
12700,293,-0.81,4.04
12700,294,-0.42,3.99
12700,296,1.28,3.16
12700,297,1.84,3.22
12710,288,0,3.39
12710,292,-0.85,2.36
12710,293,-0.81,4.04
12710,294,-0.42,3.99
12710,296,1.23,2.55
12710,297,1.79,2.62
12720,288,0,3.39
12720,292,-0.85,2.36
12720,293,-0.81,4.04
12720,294,-0.42,3.99
12720,296,1.16,1.95
12720,297,1.77,2.01
12730,288,0,3.39
12730,292,-0.85,2.36
12730,293,-0.81,4.04
12730,294,-0.42,3.99
12730,296,1.17,1.23
12730,297,1.81,1.29
12740,288,0,3.39
12740,292,-0.85,2.36
12740,293,-0.81,4.04
12740,294,-0.42,3.99
12740,296,1.12,0.58
12740,297,1.77,0.66
12740,298,3.57,-4.11
12750,288,0.14,3.51
12750,292,-0.85,2.36
12750,293,-0.81,4.04
12750,294,-0.42,3.99
12750,296,1.14,-0.06
12750,297,1.77,0
12750,298,3.62,-3.49
12980,302,3.24,-2.45
12980,303,-1.03,-0.38
12980,304,2.26,3.56
12990,302,3.32,-1.75
12990,303,-1.09,-0.37
12990,304,2.29,2.94
13000,302,3.41,-1.08
13000,303,-1.15,-0.37
13000,304,2.39,2.45
13010,302,3.42,-0.51
13010,303,-1.19,-0.32
13010,304,2.39,1.82
13010,305,1.04,-6.48
13010,306,1.15,3.11
13020,302,3.54,0.07
13020,303,-1.22,-0.25
13020,304,2.45,1.22
13020,305,0.79,-5.81
13020,306,1.15,2.61
13030,302,3.47,0.77
13030,303,-1.22,-0.23
13030,304,2.54,0.54
13030,305,0.49,-5.22
13030,306,1.14,2.07
13040,302,3.71,1.25
13040,303,-1.22,-0.23
13040,304,2.57,0.04
13040,305,-0.16,-4.83
13040,306,1.17,1.55
13050,302,3.69,1.88
13050,303,-1.22,-0.23
13050,304,2.69,-0.61
13050,306,1.18,1.05
13060,303,-1.22,-0.23
13060,304,2.69,-1.29
13060,306,1.11,0.48
13060,307,2.59,-8.63
13070,303,-1.22,-0.23
13070,304,2.66,-1.9
13070,306,1.04,-0.15
13070,307,2.48,-8.22
13080,303,-1.22,-0.23
13080,304,2.61,-2.53
13080,306,0.97,-0.68
13080,307,2.47,-7.69
13090,303,-1.22,-0.23
13090,304,2.45,-3.16
13090,306,0.8,-1.28
13090,307,2.5,-7.21
13100,303,-1.22,-0.23
13100,304,2.32,-3.8
13100,306,0.8,-1.92
13100,307,2.47,-6.73
13100,308,3.14,-8.17
13110,303,-1.22,-0.23
13110,304,2.16,-4.38
13110,306,0.79,-2.57
13110,307,2.46,-6.23
13110,308,3.45,-7.4
13120,303,-1.22,-0.23
13120,304,2,-4.96
13120,306,0.74,-3.1
13120,307,2.54,-5.76
13120,308,3.58,-6.58
13130,303,-1.22,-0.23
13130,304,2.02,-5.56
13130,306,0.89,-3.7
13130,307,2.55,-5.33
13130,308,3.75,-5.75
13130,309,-1.54,-6.73
13130,310,-1.49,-8.22
13130,311,-1.36,-2.68
13130,312,-1.04,3.09
13130,313,-0.52,3.4
13140,303,-1.22,-0.23
13140,304,1.98,-6.23
13140,306,1.01,-4.32
13140,307,2.55,-4.89
13140,308,3.82,-4.96
13140,309,-1.54,-6.73
13140,310,-1.49,-8.22
13140,311,-1.36,-2.68
13140,312,-1.02,3.09
13140,313,-0.52,3.4
13150,303,-1.22,-0.23
13150,304,2.09,-6.9
13150,306,1.11,-4.93
13150,307,2.56,-4.44
13150,308,3.87,-4.1
13150,309,-1.54,-6.73
13150,310,-1.49,-8.22
13150,311,-1.36,-2.68
13150,312,-1.26,3.15
13150,313,-0.52,3.4
13160,303,-1.22,-0.23
13160,304,2.11,-7.64
13160,306,1.37,-5.58
13160,307,2.47,-4.11
13160,308,3.88,-3.25
13160,309,-1.56,-6.71
13160,310,-1.47,-8.22
13160,311,-1.36,-2.68
13160,313,-0.52,3.4
13160,314,-1.01,3.06
13170,303,-1.22,-0.23
13170,304,2.15,-8.3
13170,306,1.45,-6.09
13170,307,2.34,-3.76
13170,308,3.88,-2.49
13170,309,-1.56,-6.71
13170,310,-1.45,-8.22
13170,311,-1.36,-2.68
13170,313,-0.52,3.4
13170,315,1.13,-9.98
13170,316,1.74,3.34
13180,303,-1.22,-0.23
13180,304,2.2,-8.98
13180,306,1.55,-6.76
13180,307,2.29,-3.38
13180,308,3.88,-1.57
13180,309,-1.56,-6.71
13180,310,-1.45,-8.18
13180,311,-1.36,-2.68
13180,313,-0.52,3.4
13180,315,1.12,-9.49
13180,316,1.76,2.68
13180,317,0.65,-9.75
13190,303,-1.22,-0.23
13190,304,2.2,-9.74
13190,306,1.72,-7.39
13190,307,2.23,-3.04
13190,308,3.87,-0.81
13190,309,-1.58,-6.68
13190,310,-1.45,-8.12
13190,311,-1.36,-2.68
13190,313,-0.52,3.4
13190,315,0.99,-9
13190,316,1.68,2.08
13190,317,0.52,-9.28
13200,303,-1.22,-0.23
13200,304,2.19,-10.24
13200,306,1.75,-8.12
13200,307,2.1,-2.7
13200,309,-1.58,-6.68
13200,310,-1.45,-8.12
13200,311,-1.36,-2.68
13200,313,-0.52,3.4
13200,315,0.77,-8.62
13200,316,1.61,1.44
13200,317,0.55,-8.79
13210,303,-1.22,-0.23
13210,306,1.72,-8.76
13210,307,2.07,-2.32
13210,309,-1.58,-6.68
13210,310,-1.45,-8.2
13210,311,-1.36,-2.68
13210,313,-0.52,3.4
13210,315,0.77,-8.2
13210,316,1.52,0.82
13210,317,0.5,-8.36
13210,318,3.7,0.71
13220,303,-1.22,-0.23
13220,306,1.75,-9.4
13220,307,2.1,-2.05
13220,309,-1.58,-6.68
13220,310,-1.48,-8.29
13220,311,-1.36,-2.68
13220,313,-0.52,3.4
13220,315,0.84,-7.74
13220,316,1.39,0.18
13220,317,0.37,-7.93
13220,318,3.66,1.57
13230,303,-1.22,-0.23
13230,306,1.7,-10
13230,307,2.1,-1.69
13230,309,-1.58,-6.68
13230,310,-1.48,-8.35
13230,311,-1.36,-2.68
13230,313,-0.52,3.4
13230,315,0.79,-7.25
13230,316,1.37,-0.48
13230,317,0.36,-7.48
13230,318,3.66,2.25
13230,319,1.63,3.81
13240,303,-1.22,-0.23
13240,307,2.02,-1.52
13240,309,-1.6,-6.68
13240,310,-1.48,-8.33
13240,311,-1.36,-2.68
13240,313,-0.52,3.4
13240,315,0.68,-6.85
13240,316,1.39,-1.18
13240,317,0.32,-7.07
13240,318,3.64,2.95
13240,319,1.54,3.1
13250,303,-1.22,-0.23
13250,307,2.04,-1.21
13250,309,-1.62,-6.68
13250,310,-1.48,-8.31
13250,311,-1.36,-2.68
13250,313,-0.52,3.4
13250,315,0.74,-6.41
13250,316,1.39,-1.88
13250,317,0.23,-6.64
13250,319,1.38,2.29
13260,303,-1.22,-0.23
13260,307,2.03,-1.11
13260,309,-1.62,-6.68
13260,310,-1.46,-8.29
13260,311,-1.36,-2.68
13260,313,-0.52,3.4
13260,315,0.75,-5.93
13260,316,1.52,-2.57
13260,317,0.2,-6.21
13260,319,1.27,1.39
13270,303,-1.22,-0.23
13270,307,2.02,-1.22
13270,309,-1.62,-6.68
13270,310,-1.44,-8.29
13270,311,-1.36,-2.68
13270,313,-0.52,3.4
13270,315,0.6,-5.51
13270,316,1.52,-3.25
13270,317,0.23,-5.74
13270,319,1.14,0.69
13280,303,-1.22,-0.23
13280,307,2.02,-1.2
13280,309,-1.62,-6.68
13280,310,-1.44,-8.29
13280,311,-1.36,-2.68
13280,313,-0.52,3.4
13280,315,0.57,-5.1
13280,316,1.71,-4.07
13280,317,0.15,-5.39
13280,319,1.15,-0.11
13290,303,-1.22,-0.23
13290,307,2.02,-1.2
13290,309,-1.62,-6.68
13290,310,-1.44,-8.29
13290,311,-1.36,-2.68
13290,313,-0.52,3.4
13290,315,0.6,-4.62
13290,316,1.68,-4.71
13290,317,0.02,-5.07
13290,319,1.04,-1.01
13300,303,-1.22,-0.23
13300,307,2.01,-1.12
13300,309,-1.62,-6.68
13300,310,-1.44,-8.29
13300,311,-1.36,-2.68
13300,313,-0.52,3.4
13300,315,0.37,-4.25
13300,316,1.53,-5.35
13300,317,-0.1,-4.82
13300,319,1.15,-1.85
13310,303,-1.22,-0.23
13310,307,2.01,-1.14
13310,309,-1.62,-6.68
13310,310,-1.44,-8.29
13310,311,-1.36,-2.68
13310,313,-0.52,3.4
13310,315,0.14,-3.93
13310,316,1.64,-6.14
13310,317,-0.19,-4.61
13310,319,1.23,-2.68
13320,303,-1.22,-0.23
13320,307,2,-1.16
13320,309,-1.56,-6.73
13320,310,-1.32,-8.27
13320,311,-1.36,-2.68
13320,313,-0.52,3.4
13320,315,-0.07,-3.5
13320,316,1.64,-6.83
13320,317,-0.47,-4.44
13320,319,1.3,-3.55
13320,320,1.84,2.86
13330,303,-1.22,-0.23
13330,307,2,-1.18
13330,309,-1.56,-6.73
13330,310,-1.32,-8.27
13330,311,-1.36,-2.68
13330,313,-0.52,3.4
13330,315,-0.3,-3.45
13330,316,1.65,-7.63
13330,317,-0.67,-4.25
13330,319,1.38,-4.46
13330,320,1.99,2.28
13340,303,-1.22,-0.23
13340,307,1.98,-1.22
13340,309,-1.56,-6.75
13340,310,-1.32,-8.29
13340,311,-1.36,-2.68
13340,313,-0.52,3.4
13340,315,-0.47,-3.5
13340,316,1.66,-8.49
13340,317,-0.8,-4.2
13340,319,1.35,-5.34
13340,320,2.16,1.7
13350,303,-1.22,-0.23
13350,307,1.93,-1.21
13350,309,-1.56,-6.75
13350,310,-1.32,-8.32
13350,311,-1.36,-2.58
13350,313,-0.57,3.19
13350,315,-0.57,-3.51
13350,316,1.59,-9.07
13350,317,-1,-4.18
13350,319,1.39,-6.2
13350,320,2.29,1.09
13360,303,-1.22,-0.23
13360,307,1.79,-1.07
13360,309,-1.56,-6.73
13360,310,-1.36,-8.31
13360,311,-1.36,-2.68
13360,313,-0.57,3.19
13360,315,-0.57,-3.51
13360,316,1.69,-9.88
13360,317,-1.02,-4.18
13360,319,1.38,-7.07
13360,320,2.48,0.47
13370,303,-1.22,-0.23
13370,309,-1.56,-6.73
13370,310,-1.3,-8.38
13370,311,-1.36,-2.68
13370,313,-0.57,3.19
13370,315,-0.6,-3.42
13370,317,-0.84,-4.19
13370,319,1.31,-7.97
13370,320,2.64,-0.3
14950,340,3.32,0.98
14950,341,2.55,1.03
14950,343,1.48,-1.31
14950,344,1.66,4
14960,340,3.37,1.56
14960,341,2.6,1.59
14960,343,1.5,-1.97
14960,344,1.71,3.54
14960,345,2.07,-10
14970,340,3.39,2.22
14970,341,2.68,2.21
14970,343,1.53,-2.61
14970,344,1.71,3.13
14970,345,2.11,-9.38
14980,340,3.26,2.77
14980,341,2.73,2.98
14980,343,1.48,-3.31
14980,344,1.71,2.79
14980,345,2.2,-8.72
14990,343,1.4,-4.08
14990,344,1.72,2.39
14990,345,2.29,-8.05
15000,343,1.45,-4.79
15000,344,1.75,1.93
15000,345,2.36,-7.36
15010,343,1.43,-5.47
15010,344,1.71,1.62
15010,345,2.47,-6.69
15010,346,2.28,2.81
15020,343,1.48,-6.03
15020,344,1.84,1.16
15020,345,2.55,-6
15020,346,2.36,2.28
15030,343,1.36,-6.82
15030,344,1.72,0.7
15030,345,2.6,-5.29
15030,346,2.41,1.82
15040,344,1.7,0.31
15040,345,2.73,-4.59
15040,346,2.4,1.29
15050,344,1.71,-0.15
15050,345,2.8,-3.91
15050,346,2.44,0.75
15060,344,1.52,-0.54
15060,345,2.97,-3.24
15060,346,2.43,0.28
15070,344,1.41,-0.9
15070,345,3.07,-2.6
15070,346,2.47,-0.32
15080,344,1.29,-1.38
15080,345,3.17,-1.89
15080,346,2.43,-0.82
15090,344,1.13,-1.84
15090,345,3.31,-1.28
15090,346,2.38,-1.37
15100,344,1.05,-2.3
15100,345,3.38,-0.61
15100,346,2.35,-1.92
15100,347,3.77,-4.93
15100,348,3.84,-8.09
15100,349,3.03,-7.82
15100,350,2.52,-8.92
15110,344,0.98,-2.79
15110,345,3.41,0.05
15110,346,2.23,-2.5
15110,347,3.82,-4.39
15110,348,3.76,-7.54
15110,349,2.95,-7.2
15110,350,2.64,-8.61
15120,344,0.84,-3.28
15120,345,3.48,0.71
15120,346,2.23,-3.07
15120,347,3.67,-3.77
15120,348,3.6,-6.94
15120,349,2.84,-6.58
15120,350,2.73,-8.36
15130,344,0.97,-3.71
15130,345,3.58,1.39
15130,346,2.22,-3.65
15130,347,3.66,-3.28
15130,348,3.54,-6.3
15130,349,2.78,-5.98
15130,350,2.77,-7.96
15140,344,0.92,-4.17
15140,345,3.56,2.06
15140,346,2.15,-4.24
15140,347,3.75,-2.67
15140,348,3.47,-5.69
15140,349,2.73,-5.38
15140,350,2.85,-7.69
15140,351,0.82,3.29
15150,344,0.96,-4.62
15150,345,3.55,2.64
15150,346,2.1,-4.85
15150,347,3.74,-2.12
15150,348,3.41,-5.06
15150,349,2.72,-4.75
15150,350,3.09,-7.35
15150,351,0.81,2.59
15160,344,0.7,-5.18
15160,346,2.11,-5.57
15160,347,3.74,-1.61
15160,348,3.43,-4.39
15160,349,2.8,-4.09
15160,350,3.25,-7.13
15160,351,0.89,1.85
15170,344,0.77,-5.53
15170,346,1.98,-6.01
15170,347,3.73,-0.99
15170,348,3.36,-3.7
15170,349,2.61,-3.53
15170,350,3.37,-6.82
15170,351,0.88,1.11
15180,344,0.74,-6.09
15180,346,2.05,-6.64
15180,347,3.71,-0.5
15180,348,3.34,-3.01
15180,349,2.54,-2.83
15180,350,3.44,-6.47
15180,351,0.95,0.38
15190,344,0.87,-6.52
15190,346,1.91,-7.31
15190,347,3.7,-0.01
15190,348,3.27,-2.35
15190,349,2.44,-2.27
15190,350,3.54,-6.26
15190,351,0.94,-0.48
15900,354,1.4,-5
15900,355,1.1,-2.38
15900,356,0.51,-0.03
15900,357,1.45,0.47
15900,358,2.69,-10.11
15910,354,1.34,-5.46
15910,355,0.94,-3.23
15910,356,0.51,-0.03
15910,357,1.37,-0.18
15910,358,2.59,-9.52
15910,359,3.57,-9.75
15920,354,1.35,-5.9
15920,355,0.81,-3.8
15920,356,0.53,-0.08
15920,357,1.43,-0.86
15920,358,2.69,-8.99
15920,359,3.53,-9.27
15920,360,3.77,-6.93
15930,354,1.33,-6.34
15930,355,0.62,-4.54
15930,356,0.53,-0.08
15930,357,1.32,-1.53
15930,358,2.6,-8.39
15930,359,3.61,-8.67
15930,360,3.78,-6.46
15940,354,1.28,-6.78
15940,355,0.47,-5.42
15940,356,0.5,-0.03
15940,357,1.26,-2.22
15940,358,2.57,-7.87
15940,359,3.53,-8.11
15940,360,3.66,-5.98
15950,354,1.35,-7.21
15950,355,0.34,-6.12
15950,356,0.53,-0.02
15950,357,1.18,-2.91
15950,358,2.63,-7.12
15950,359,3.44,-7.52
15950,360,3.52,-5.63
15950,361,-0.89,-6.71
15960,354,1.35,-7.61
15960,355,0.3,-6.89
15960,356,0.53,-0.08
15960,357,1.1,-3.63
15960,358,2.51,-6.65
15960,359,3.54,-7.05
15960,360,3.55,-5.17
15960,361,-0.89,-6.71
15970,354,1.33,-8.03
15970,355,0.33,-7.58
15970,356,0.53,-0.08
15970,357,1.06,-4.39
15970,358,2.56,-6.1
15970,359,3.43,-6.41
15970,360,3.46,-4.79
15970,361,-0.89,-6.71
15980,354,1.41,-8.48
15980,355,0.26,-8.27
15980,356,0.53,-0.02
15980,357,0.98,-5.1
15980,358,2.53,-5.55
15980,359,3.36,-5.94
15980,360,3.5,-4.28
15980,361,-0.89,-6.71
15990,354,1.45,-8.92
15990,355,0.35,-9.01
15990,356,0.53,-0.06
15990,357,1.17,-5.8
15990,358,2.4,-4.98
15990,359,3.39,-5.37
15990,360,3.69,-3.89
15990,361,-0.89,-6.71
16000,355,0.5,-9.68
16000,356,0.46,-0.03
16000,357,1.19,-6.49
16000,358,2.49,-4.41
16000,359,3.32,-4.79
16000,360,3.89,-3.48
16000,361,-0.89,-6.71
16010,356,0.47,0.15
16010,357,1.09,-7.27
16010,358,2.54,-3.78
16010,359,3.29,-4.3
16010,360,4.03,-2.99
16010,361,-0.89,-6.71
16010,362,1.69,2.44
16010,363,2.26,2.44
16020,356,0.47,0.25
16020,358,2.53,-3.21
16020,359,3.36,-3.68
16020,360,4.03,-2.66
16020,361,-0.89,-6.71
16020,362,1.68,1.92
16020,363,2.3,1.92
16020,364,1.91,3.41
16030,356,0.47,0.17
16030,358,2.69,-2.69
16030,359,3.3,-3.08
16030,360,4.16,-2.35
16030,361,-0.89,-6.71
16030,362,1.61,1.36
16030,363,2.34,1.34
16030,364,1.78,2.8
16040,356,0.47,0.15
16040,358,2.77,-2.19
16040,359,3.37,-2.54
16040,360,4.11,-1.84
16040,361,-0.89,-6.71
16040,362,1.65,0.78
16040,363,2.3,0.79
16040,364,1.62,2.21
16040,365,1.29,3.96
16040,366,0.65,4.05
16050,356,0.47,0.11
16050,358,2.78,-1.66
16050,359,3.41,-1.98
16050,361,-0.89,-6.71
16050,362,1.66,0.22
16050,363,2.25,0.25
16050,364,1.59,1.64
16050,365,1.34,3.49
16050,366,0.79,3.53
16060,356,0.46,0.07
16060,358,2.88,-1.14
16060,359,3.35,-1.48
16060,361,-0.89,-6.71
16060,362,1.62,-0.33
16060,363,2.23,-0.32
16060,364,1.34,0.92
16060,365,1.42,2.92
16060,366,0.84,3.02
16070,356,0.52,0.01
16070,358,2.93,-0.6
16070,359,3.47,-0.99
16070,361,-0.89,-6.71
16070,362,1.68,-0.94
16070,363,2.2,-0.91
16070,364,1.24,0.08
16070,365,1.56,2.46
16070,366,0.88,2.39
16080,356,0.52,0.01
16080,358,2.9,-0.11
16080,359,3.51,-0.47
16080,361,-0.89,-6.71
16080,362,1.69,-1.56
16080,363,2.28,-1.5
16080,364,1.05,-0.53
16080,365,1.66,1.91
16080,366,0.98,1.84
16090,356,0.52,0.01
16090,358,3.04,0.4
16090,359,3.49,0.06
16090,361,-0.89,-6.71
16090,362,1.77,-2.12
16090,363,2.36,-2.06
16090,364,0.8,-1.32
16090,365,1.76,1.35
16090,366,1.06,1.33
16100,356,0.52,0.01
16100,358,3.06,0.87
16100,359,3.66,0.56
16100,361,-0.89,-6.71
16100,362,1.81,-2.73
16100,363,2.38,-2.66
16100,364,0.68,-2.05
16100,365,1.8,0.81
16100,366,1.18,0.73
16110,356,0.52,0.01
16110,361,-0.89,-6.71
16110,362,1.77,-3.32
16110,363,2.48,-3.26
16110,364,0.55,-2.78
16110,365,1.82,0.25
16110,366,1.29,0.03
16110,367,3.37,-6.74
16110,368,4.16,-6.9
16120,356,0.52,0.01
16120,361,-0.89,-6.71
16120,362,1.84,-3.87
16120,363,2.48,-3.84
16120,364,0.49,-3.44
16120,365,2.1,-0.36
16120,366,1.21,-0.41
16120,367,3.35,-6.15
16120,368,4.19,-6.34
16120,369,-0.59,2.83
16120,371,-0.66,3.35
16130,356,0.52,0.01
16130,361,-0.89,-6.71
16130,362,1.9,-4.41
16130,363,2.47,-4.43
16130,364,0.37,-4.15
16130,365,1.92,-0.99
16130,366,1.25,-1.04
16130,367,3.33,-5.58
16130,368,4.19,-5.72
16130,369,-0.59,2.83
16130,371,-0.66,3.35
16140,356,0.52,0.01
16140,361,-0.89,-6.71
16140,362,1.89,-4.99
16140,363,2.47,-5.04
16140,364,0.36,-5.06
16140,365,1.96,-1.61
16140,366,1.27,-1.62
16140,367,3.38,-5.01
16140,368,4.24,-5.12
16140,369,-0.59,2.83
16140,371,-0.66,3.35
16140,372,2.02,2.14
16140,373,2.56,2.36
16150,356,0.42,0.04
16150,361,-0.89,-6.71
16150,362,1.92,-5.71
16150,363,2.41,-5.73
16150,364,0.4,-5.64
16150,365,1.95,-2.23
16150,366,1.24,-2.16
16150,367,3.3,-4.44
16150,368,4.27,-4.55
16150,369,-0.59,2.83
16150,371,-0.66,3.35
16150,372,1.93,1.58
16150,373,2.44,1.74
16150,374,0.79,1.81
16160,356,0.42,0.04
16160,361,-0.89,-6.71
16160,362,1.89,-6.33
16160,363,2.4,-6.29
16160,364,0.5,-6.37
16160,365,1.93,-2.84
16160,366,1.22,-2.88
16160,367,3.31,-3.87
16160,368,4.07,-3.95
16160,369,-0.59,2.83
16160,371,-0.66,3.35
16160,372,1.98,0.78
16160,373,2.55,1.09
16160,374,0.86,0.98
16160,375,1.12,2.63
16160,376,1.84,2.83
16160,377,2.43,2.84
16170,356,0.33,0.01
16170,361,-0.89,-6.71
16170,362,1.87,-6.92
16170,363,2.48,-6.93
16170,364,0.57,-7.39
16170,365,1.95,-3.48
16170,366,1.19,-3.42
16170,367,3.32,-3.3
16170,368,3.86,-3.32
16170,369,-0.59,2.83
16170,371,-0.66,3.35
16170,372,1.86,0.21
16170,373,2.53,0.46
16170,374,0.9,0.11
16170,375,1.11,2.18
16170,376,1.83,2.35
16170,377,2.44,2.35
16170,378,-0.82,-2.48
16180,356,0.29,0
16180,361,-0.89,-6.71
16180,362,1.95,-7.53
16180,363,2.49,-7.63
16180,364,0.7,-8.13
16180,365,1.93,-4.12
16180,366,1.17,-4.08
16180,367,3.28,-2.71
16180,368,3.69,-2.74
16180,369,-0.59,2.83
16180,371,-0.66,3.35
16180,372,1.82,-0.42
16180,373,2.6,-0.24
16180,374,0.83,-0.78
16180,375,1.14,1.73
16180,376,1.88,1.89
16180,377,2.45,1.89
16180,378,-0.82,-2.48
16190,356,0.31,0.12
16190,361,-0.89,-6.71
16190,362,1.98,-7.99
16190,363,2.58,-8.15
16190,364,0.79,-8.93
16190,365,1.99,-4.78
16190,366,1.16,-4.74
16190,367,3.37,-2.13
16190,368,3.71,-2.37
16190,369,-0.59,2.83
16190,371,-0.66,3.35
16190,372,1.75,-1.03
16190,373,2.57,-0.9
16190,374,0.71,-1.59
16190,375,1.16,1.31
16190,376,1.89,1.45
16190,377,2.55,1.38
16190,378,-1.08,-2.28
16200,356,0.28,0.24
16200,361,-0.89,-6.71
16200,362,1.94,-8.67
16200,363,2.58,-8.71
16200,364,1.01,-9.77
16200,365,1.99,-5.44
16200,366,1.18,-5.56
16200,367,3.35,-1.56
16200,368,3.81,-1.82
16200,369,-0.59,2.83
16200,371,-0.66,3.35
16200,372,1.77,-1.65
16200,373,2.53,-1.61
16200,374,0.68,-2.43
16200,375,1.15,0.81
16200,376,1.88,0.96
16200,377,2.52,0.86
16200,378,-1.1,-2.18
16210,356,0.36,0.19
16210,361,-0.89,-6.71
16210,362,1.93,-9.31
16210,363,2.57,-9.3
16210,365,2.01,-6.08
16210,366,1.24,-5.99
16210,367,3.34,-1.03
16210,368,3.86,-1.2
16210,369,-0.59,2.83
16210,371,-0.66,3.35
16210,372,1.72,-2.24
16210,373,2.45,-2.33
16210,374,0.68,-3.2
16210,375,1.27,0.28
16210,376,1.91,0.48
16210,377,2.49,0.35
16210,378,-1.14,-1.94
16210,379,3.87,-5.84
16220,356,0.16,0.4
16220,361,-0.89,-6.71
16220,362,1.94,-9.99
16220,363,2.62,-9.94
16220,365,2.05,-6.76
16220,366,1.24,-6.92
16220,367,3.37,-0.51
16220,368,3.96,-0.63
16220,369,-0.59,2.83
16220,371,-0.66,3.35
16220,372,1.72,-2.92
16220,373,2.39,-3.09
16220,374,0.72,-4.05
16220,375,1.28,-0.24
16220,376,1.9,-0.06
16220,377,2.48,-0.18
16220,378,-1.15,-1.78
16220,379,3.73,-5.07
16230,356,0.25,0.31
16230,361,-0.89,-6.71
16230,365,1.89,-7.55
16230,366,1.26,-7.62
16230,367,3.27,0.06
16230,368,3.91,0
16230,369,-0.59,2.83
16230,371,-0.66,3.35
16230,372,1.76,-3.64
16230,373,2.47,-3.79
16230,374,0.55,-5
16230,375,1.22,-0.82
16230,376,1.85,-0.57
16230,377,2.41,-0.7
16230,378,-1.43,-1.46
16230,379,3.74,-4.3
16240,356,0.28,0.12
16240,361,-0.89,-6.71
16240,365,1.95,-8.17
16240,366,1.18,-8.24
16240,367,3.27,0.62
16240,368,3.87,0.59
16240,369,-0.59,2.83
16240,371,-0.66,3.35
16240,372,1.7,-4.33
16240,373,2.5,-4.47
16240,374,0.86,-5.62
16240,375,1.24,-1.26
16240,376,1.86,-1.1
16240,377,2.42,-1.22
16240,378,-1.6,-1.33
16240,379,3.74,-3.56
16250,356,0.33,0.09
16250,361,-0.89,-6.71
16250,365,1.95,-8.81
16250,366,1.14,-9.01
16250,367,3.2,1.14
16250,368,3.9,1.16
16250,369,-0.59,2.83
16250,371,-0.66,3.35
16250,372,1.74,-5.01
16250,373,2.52,-5.17
16250,374,1.07,-6.56
16250,375,1.26,-1.88
16250,376,1.79,-1.63
16250,377,2.47,-1.78
16250,378,-1.43,-1.19
16250,379,3.74,-2.9
16250,380,1.82,3.58
16250,381,-2.34,-1.05
16260,356,0.2,0.17
16260,361,-0.87,-6.63
16260,365,1.88,-9.53
16260,366,1.26,-9.66
16260,367,3.09,1.69
16260,368,3.91,1.69
16260,369,-0.59,2.83
16260,371,-0.66,3.35
16260,372,1.72,-5.71
16260,373,2.54,-5.86
16260,374,1.14,-7.33
16260,375,1.17,-2.39
16260,376,1.75,-2.16
16260,377,2.45,-2.35
16260,378,-1.4,-0.99
16260,379,3.78,-2.16
16260,380,1.91,3.07
16260,381,-2.28,-1.08
16270,356,0.24,0.15
16270,361,-0.85,-6.64
16270,367,3.06,2.24
16270,368,3.88,2.14
16270,369,-0.59,2.83
16270,371,-0.66,3.35
16270,372,1.66,-6.39
16270,373,2.46,-6.55
16270,374,1.29,-8.03
16270,375,1.18,-2.93
16270,376,1.77,-2.72
16270,377,2.5,-2.89
16270,378,-1.38,-0.87
16270,379,3.89,-1.38
16270,380,2.02,2.52
16270,381,-2.28,-1.08
16280,356,0.22,0.19
16280,361,-0.86,-6.76
16280,367,2.9,2.85
16280,368,3.93,2.78
16280,369,-0.59,2.83
16280,371,-0.66,3.35
16280,372,1.7,-7.09
16280,373,2.4,-7.26
16280,374,1.53,-8.79
16280,375,1.26,-3.52
16280,376,1.79,-3.28
16280,377,2.5,-3.44
16280,378,-1.69,-0.48
16280,379,4.11,-0.59
16280,380,2.1,1.95
16280,381,-2.36,-1.07
16290,356,0.22,0.13
16290,361,-0.86,-6.84
16290,367,2.91,3.38
16290,368,3.78,3.28
16290,369,-0.59,2.83
16290,371,-0.66,3.35
16290,372,1.66,-7.79
16290,373,2.37,-7.96
16290,375,1.17,-4.12
16290,376,1.82,-3.82
16290,377,2.47,-3.97
16290,378,-1.74,-0.3
16290,379,4.07,0.09
16290,380,2.18,1.4
16290,381,-2.28,-1.08
16290,382,3.29,-10.01
16290,383,3.85,-10.25
16300,356,0.22,0.15
16300,361,-0.84,-6.88
16300,369,-0.59,2.83
16300,371,-0.66,3.35
16300,372,1.63,-8.55
16300,373,2.45,-8.82
16300,375,1.16,-4.68
16300,376,1.85,-4.39
16300,377,2.53,-4.55
16300,378,-1.71,-0.1
16300,379,4.15,0.85
16300,380,2.24,0.84
16300,381,-2.28,-1.08
16300,382,3.25,-9.67
16300,383,3.93,-9.73
16310,356,0.24,0.13
16310,361,-0.7,-6.71
16310,369,-0.59,2.83
16310,371,-0.66,3.35
16310,372,1.6,-9.19
16310,373,2.41,-9.49
16310,375,1.24,-5.25
16310,376,1.87,-4.95
16310,377,2.54,-5.11
16310,378,-1.82,0.06
16310,380,2.27,0.28
16310,381,-2.28,-1.08
16310,382,3.24,-9.28
16310,383,3.93,-9.28
16320,356,0.24,0.17
16320,361,-0.65,-6.63
16320,369,-0.59,2.83
16320,371,-0.66,3.35
16320,375,1.35,-5.68
16320,376,1.84,-5.5
16320,377,2.55,-5.67
16320,378,-1.99,0.2
16320,380,2.31,-0.29
16320,381,-2.28,-1.08
16320,382,3.31,-8.91
16320,383,3.92,-8.88
16330,356,0.28,0.18
16330,361,-0.72,-6.71
16330,369,-0.61,2.85
16330,371,-0.66,3.35
16330,375,1.37,-6.24
16330,376,1.85,-6.06
16330,377,2.59,-6.28
16330,378,-2.12,0.31
16330,380,2.3,-0.87
16330,381,-2.28,-1.08
16330,382,3.42,-8.32
16330,383,3.93,-8.41
16340,356,0.28,0.18
16340,361,-0.72,-6.71
16340,369,-0.63,2.85
16340,371,-0.68,3.35
16340,375,1.34,-6.82
16340,376,1.85,-6.66
16340,377,2.57,-6.9
16340,378,-2.23,0.47
16340,380,2.27,-1.42
16340,381,-2.28,-1.08
16340,382,3.42,-7.93
16340,383,3.82,-7.99
16340,384,1.57,3.67
16350,356,0.3,0.18
16350,361,-0.72,-6.71
16350,369,-0.65,2.86
16350,371,-0.7,3.35
16350,375,1.29,-7.34
16350,376,1.87,-7.28
16350,377,2.65,-7.48
16350,378,-2.39,0.53
16350,380,2.22,-2
16350,381,-2.28,-1.08
16350,382,3.48,-7.48
16350,383,3.83,-7.56
16350,384,1.62,2.96
16360,356,0.26,0.12
16360,361,-0.72,-6.71
16360,369,-0.67,2.82
16360,371,-0.72,3.34
16360,375,1.29,-8.07
16360,376,1.99,-7.83
16360,377,2.71,-8.1
16360,378,-2.53,0.47
16360,380,2.16,-2.59
16360,381,-2.28,-1.08
16360,382,3.49,-7.01
16360,383,3.84,-7.11
16360,384,1.64,2.29
16370,356,0.22,0.15
16370,361,-0.72,-6.71
16370,369,-0.67,2.82
16370,371,-0.72,3.34
16370,375,1.28,-8.63
16370,376,2.01,-8.35
16370,377,2.69,-8.73
16370,378,-2.61,0.48
16370,380,2.15,-3.15
16370,381,-2.28,-1.08
16370,382,3.39,-6.53
16370,383,3.84,-6.6
16370,384,1.78,1.41
16380,356,0.24,0.15
16380,361,-0.72,-6.71
16380,369,-0.67,2.82
16380,371,-0.72,3.34
16380,375,1.47,-9.11
16380,376,2.08,-8.94
16380,378,-2.63,0.53
16380,380,2.16,-3.74
16380,381,-2.28,-1.08
16380,382,3.28,-6.07
16380,383,3.77,-6.03
16380,384,1.7,0.67
16380,385,0.89,3.97
16390,356,0.24,0.17
16390,361,-0.72,-6.71
16390,369,-0.67,2.82
16390,371,-0.78,3.17
16390,378,-2.63,0.55
16390,380,2.16,-4.34
16390,381,-2.28,-1.08
16390,382,3.15,-5.58
16390,383,3.82,-5.72
16390,384,1.8,-0.1
16390,385,1.12,3.29
16400,356,0.24,0.17
16400,361,-0.72,-6.71
16400,369,-0.65,2.84
16400,371,-0.74,3.2
16400,378,-2.63,0.57
16400,380,2.22,-4.94
16400,381,-2.28,-1.08
16400,382,3.03,-5.14
16400,383,3.76,-5.21
16400,384,1.76,-0.83
16400,385,1.2,2.68
16410,356,0.21,0.07
16410,361,-0.72,-6.71
16410,369,-0.65,2.84
16410,371,-0.72,3.34
16410,380,2.22,-5.54
16410,382,3.05,-4.67
16410,383,3.77,-4.74
16410,384,1.66,-1.61
16410,385,1.26,2.07
16410,386,3.42,2.78
16420,356,0.24,0.13
16420,361,-0.72,-6.71
16420,369,-0.65,2.84
16420,371,-0.72,3.34
16420,380,2.19,-6.11
16420,382,3.06,-4.23
16420,383,3.7,-4.22
16420,384,1.66,-2.39
16420,385,1.23,1.54
16420,386,3.18,2.76
16430,356,0.22,0.13
16430,361,-0.72,-6.71
16430,369,-0.59,2.77
16430,371,-0.66,3.29
16430,380,2.18,-6.71
16430,382,2.99,-3.75
16430,383,3.7,-3.69
16430,384,1.61,-3.2
16430,385,1.27,0.91
16430,386,2.98,2.74
16440,356,0.26,0.12
16440,361,-0.61,-6.82
16440,369,-0.71,2.71
16440,371,-0.6,3.24
16440,380,2.18,-7.29
16440,382,2.98,-3.28
16440,383,3.69,-3.17
16440,384,1.68,-4.05
16440,385,1.29,0.29
16440,386,2.88,2.74
16440,387,0.77,-9.58
16450,356,0.24,0.15
16450,361,-0.72,-6.71
16450,369,-0.72,2.67
16450,371,-0.6,3.24
16450,380,2.11,-7.92
16450,382,2.94,-2.78
16450,383,3.68,-2.68
16450,384,1.66,-4.99
16450,385,1.34,-0.39
16450,386,2.72,2.83
16450,387,0.78,-8.81
16460,356,0.22,0.13
16460,361,-0.64,-6.82
16460,369,-0.56,2.7
16460,371,-0.6,3.24
16460,380,2.14,-8.46
16460,382,2.86,-2.28
16460,383,3.44,-2.22
16460,384,1.68,-5.79
16460,385,1.44,-1.05
16460,386,2.54,2.98
16460,387,0.67,-8.01
16470,356,0.28,0.14
16470,361,-0.72,-6.71
16470,369,-0.56,2.7
16470,371,-0.6,3.24
16470,380,2.04,-9.26
16470,382,2.83,-1.8
16470,383,3.66,-1.72
16470,384,1.73,-6.55
16470,385,1.51,-1.69
16470,386,2.46,3.05
16470,387,0.7,-7.22
16480,356,0.24,0.15
16480,361,-0.64,-6.75
16480,369,-0.68,2.66
16480,371,-0.6,3.24
16480,380,1.97,-9.83
16480,382,2.8,-1.37
16480,383,3.4,-1.23
16480,384,1.68,-7.39
16480,385,1.57,-2.36
16480,386,2.25,3.05
16480,387,0.64,-6.51
16480,388,3.44,-9.88
16480,389,4,-10.06
16490,356,0.28,0.16
16490,361,-0.58,-6.78
16490,369,-0.68,2.64
16490,371,-0.68,3.27
16490,382,2.79,-0.87
16490,383,3.35,-0.8
16490,384,1.65,-8.21
16490,385,1.62,-3.04
16490,386,2.07,3.04
16490,387,0.57,-5.75
16490,388,3.33,-9.32
16490,389,4.03,-9.54
16500,356,0.3,0.14
16500,361,-0.72,-6.71
16500,369,-0.7,2.62
16500,371,-0.6,3.24
16500,382,2.83,-0.47
16500,383,3.36,-0.33
16500,384,1.57,-8.95
16500,385,1.52,-3.81
16500,386,1.96,3.02
16500,387,0.65,-4.99
16500,388,3.31,-8.65
16500,389,3.97,-8.92
16510,356,0.29,0.08
16510,361,-0.72,-6.71
16510,369,-0.56,2.7
16510,371,-0.6,3.24
16510,382,2.83,-0.06
16510,383,3.35,0.1
16510,384,1.53,-9.73
16510,385,1.52,-4.49
16510,386,1.81,3.05
16510,387,0.66,-4.22
16510,388,3.14,-8.07
16510,389,3.79,-8.23
16520,356,0.27,0.06
16520,361,-0.72,-6.71
16520,369,-0.56,2.7
16520,371,-0.6,3.24
16520,382,2.78,0.4
16520,383,3.3,0.56
16520,385,1.52,-5.21
16520,386,1.6,3.15
16520,387,0.74,-3.47
16520,388,3.14,-7.43
16520,389,3.81,-7.68
16530,356,0.27,0.04
16530,361,-0.72,-6.71
16530,369,-0.7,2.64
16530,371,-0.6,3.24
16530,382,2.79,0.81
16530,383,3.34,1.02
16530,385,1.46,-5.95
16530,386,1.49,3.18
16530,387,0.78,-2.75
16530,388,3.05,-6.84
16530,389,3.8,-7.05
16540,356,0.17,-0.02
16540,361,-0.72,-6.71
16540,369,-0.7,2.64
16540,371,-0.6,3.24
16540,382,2.78,1.27
16540,383,3.33,1.45
16540,385,1.51,-6.68
16540,386,1.45,3.17
16540,387,0.86,-1.95
16540,388,2.93,-6.25
16540,389,3.67,-6.45
16540,390,3.84,-2.66
16550,356,0.14,0.06
16550,361,-0.72,-6.71
16550,369,-0.7,2.64
16550,371,-0.6,3.24
16550,382,2.73,1.73
16550,383,3.41,1.91
16550,385,1.52,-7.34
16550,386,1.43,3.16
16550,387,0.9,-1.15
16550,388,2.87,-5.66
16550,389,3.55,-5.85
16550,390,3.83,-2.21
16560,356,0.07,0.23
16560,361,-0.72,-6.71
16560,369,-0.68,2.66
16560,371,-0.6,3.24
16560,382,2.79,2.13
16560,383,3.45,2.35
16560,385,1.53,-8.02
16560,386,1.43,3.16
16560,387,1.02,-0.49
16560,388,2.76,-5.07
16560,389,3.49,-5.18
16560,390,3.81,-1.8
16570,356,0,0.38
16570,361,-0.72,-6.71
16570,369,-0.7,2.66
16570,371,-0.6,3.24
16570,382,2.81,2.56
16570,383,3.43,2.76
16570,385,1.59,-8.73
16570,386,1.43,3.16
16570,387,1,0.28
16570,388,2.68,-4.51
16570,389,3.4,-4.5
16570,390,3.59,-1.34
16570,391,3.32,-10.13
16580,356,-0.16,0.49
16580,361,-0.72,-6.71
16580,369,-0.71,2.69
16580,371,-0.6,3.24
16580,382,2.75,3.1
16580,383,3.44,3.2
16580,385,1.55,-9.49
16580,386,1.43,3.16
16580,387,0.93,1.03
16580,388,2.66,-3.93
16580,389,3.29,-3.98
16580,390,3.7,-0.94
16580,391,3.1,-9.59
16590,361,-0.72,-6.71
16590,369,-0.72,2.65
16590,371,-0.6,3.24
16590,386,1.43,3.16
16590,387,0.86,1.74
16590,388,2.6,-3.33
16590,389,3.28,-3.39
16590,390,3.69,-0.53
16590,391,3.03,-9.09
16590,392,3.89,-4.11
16600,361,-0.72,-6.71
16600,369,-0.56,2.7
16600,371,-0.6,3.24
16600,386,1.43,3.16
16600,387,0.8,2.35
16600,388,2.6,-2.7
16600,389,3.25,-2.74
16600,390,3.6,-0.11
16600,391,2.9,-8.61
16600,392,3.52,-4.26
16600,393,0.75,-9.25
16600,394,0.25,-8.96
16610,361,-0.72,-6.71
16610,369,-0.7,2.66
16610,371,-0.68,3.29
16610,386,1.43,3.16
16610,387,0.75,3.14
16610,388,2.63,-2.15
16610,389,3.24,-2.19
16610,390,3.6,0.28
16610,391,2.67,-8.1
16610,392,3.12,-4.18
16610,393,0.74,-8.52
16610,394,0.26,-8.23
16610,395,2.06,3.54
16620,361,-0.72,-6.71
16620,369,-0.7,2.64
16620,371,-0.6,3.24
16620,386,1.43,3.16
16620,387,0.62,3.74
16620,388,2.6,-1.58
16620,389,3.27,-1.69
16620,390,3.61,0.67
16620,391,2.66,-7.56
16620,392,2.79,-4.19
16620,393,0.93,-7.7
16620,394,0.34,-7.5
16620,395,2.16,2.97
16630,361,-0.72,-6.71
16630,369,-0.56,2.7
16630,371,-0.6,3.24
16630,386,1.43,3.16
16630,388,2.67,-1.02
16630,389,3.35,-1.07
16630,390,3.6,1.1
16630,391,2.59,-7.16
16630,392,2.46,-4.31
16630,393,0.96,-6.96
16630,394,0.34,-6.75
16630,395,2.12,2.2
16640,361,-0.72,-6.71
16640,369,-0.56,2.7
16640,371,-0.6,3.24
16640,386,1.43,3.16
16640,388,2.65,-0.38
16640,389,3.34,-0.33
16640,390,3.6,1.45
16640,391,2.49,-6.77
16640,392,2.16,-4.3
16640,393,0.77,-6.17
16640,394,0.25,-5.95
16640,395,2.1,1.57
16650,361,-0.72,-6.71
16650,369,-0.56,2.7
16650,371,-0.6,3.24
16650,386,1.43,3.16
16650,388,2.65,0.21
16650,389,3.42,0.23
16650,390,3.76,1.9
16650,391,2.47,-6.41
16650,392,1.87,-4.23
16650,393,0.74,-5.38
16650,394,0.28,-5.2
16650,395,2.02,0.86
16660,361,-0.72,-6.71
16660,369,-0.7,2.66
16660,371,-0.6,3.24
16660,386,1.43,3.16
16660,388,2.66,0.74
16660,389,3.5,0.9
16660,390,3.75,2.31
16660,391,2.41,-6.09
16660,392,1.63,-4.24
16660,393,0.69,-4.63
16660,394,0.19,-4.32
16660,395,2.06,0.16
16670,361,-0.64,-6.69
16670,369,-0.66,2.64
16670,371,-0.6,3.24
16670,386,1.43,3.16
16670,388,2.68,1.17
16670,389,3.51,1.21
16670,390,3.79,2.71
16670,391,2.34,-5.77
16670,392,1.34,-4.39
16670,393,0.6,-3.79
16670,394,0.17,-3.69
16670,395,2.04,-0.51
16670,396,3.83,-5.45
16680,361,-0.64,-6.69
16680,369,-0.56,2.7
16680,371,-0.6,3.24
16680,386,1.43,3.14
16680,388,2.61,1.85
16680,389,3.48,1.95
16680,390,3.82,3
16680,391,2.39,-5.49
16680,392,1.02,-4.42
16680,393,0.48,-3.03
16680,394,0.06,-2.92
16680,395,1.91,-1.19
16680,396,3.75,-4.74
16690,361,-0.64,-6.69
16690,369,-0.56,2.7
16690,371,-0.6,3.24
16690,386,1.3,3.12
16690,391,2.5,-5.2
16690,392,0.69,-4.35
16690,393,0.56,-2.16
16690,394,0.07,-2.15
16690,395,1.92,-2
16690,396,3.86,-4.02
16700,361,-0.64,-6.69
16700,369,-0.66,2.6
16700,371,-0.6,3.24
16700,386,1.28,3.1
16700,391,2.61,-4.88
16700,392,0.36,-4.36
16700,393,0.55,-1.39
16700,394,0.05,-1.4
16700,395,1.79,-2.72
16700,396,3.72,-3.29
16710,361,-0.7,-6.69
16710,369,-0.7,2.66
16710,371,-0.6,3.24
16710,391,2.66,-4.59
16710,392,-0.14,-4.49
16710,393,0.59,-0.77
16710,394,0.06,-0.62
16710,395,1.8,-3.54
16710,396,3.72,-2.62
16720,361,-0.83,-6.68
16720,369,-0.72,2.59
16720,371,-0.6,3.24
16720,391,2.91,-4.24
16720,392,-0.38,-4.32
16720,393,0.61,-0.07
16720,394,0.12,0.02
16720,395,1.76,-4.22
16720,396,3.8,-2.01
16720,398,2.01,2.58
16720,399,0.89,2.89
16720,400,1.26,3.13
16730,361,-0.91,-6.67
16730,369,-0.56,2.7
16730,371,-0.6,3.24
16730,391,2.98,-3.95
16730,392,-0.68,-4.37
16730,393,0.61,0.58
16730,394,0.12,0.83
16730,395,1.71,-5.15
16730,396,3.7,-1.37
16730,398,1.93,1.88
16730,399,0.9,2.37
16730,400,1.17,3.26
16740,361,-0.91,-6.67
16740,369,-0.64,2.55
16740,371,-0.6,3.24
16740,391,2.95,-3.61
16740,392,-0.98,-4.45
16740,393,0.49,1.22
16740,394,0.03,1.55
16740,395,1.72,-5.93
16740,396,3.73,-0.68
16740,398,1.95,1.22
16740,399,1.06,1.85
16740,400,1.14,3.33
16750,361,-0.91,-6.67
16750,369,-0.58,2.7
16750,371,-0.6,3.24
16750,391,2.98,-3.4
16750,392,-1.23,-4.44
16750,393,0.51,1.82
16750,394,0.2,2.09
16750,395,1.68,-6.73
16750,396,3.76,-0.08
16750,398,1.97,0.61
16750,399,1.11,1.24
16750,400,1.1,3.25
16760,361,-0.92,-6.49
16760,369,-0.65,2.82
16760,371,-0.68,3.33
16760,391,3.01,-3.11
16760,392,-1.37,-4.39
16760,393,0.62,2.46
16760,394,0.11,2.91
16760,395,1.71,-7.53
16760,396,3.75,0.61
16760,398,2,0.01
16760,399,1.21,0.52
16760,400,1.11,3.19
16770,361,-0.98,-6.54
16770,369,-0.74,2.91
16770,371,-0.77,3.43
16770,391,2.97,-2.9
16770,392,-1.37,-4.39
16770,393,0.64,3.1
16770,394,0.12,3.45
16770,395,1.72,-8.3
16770,396,3.73,1.23
16770,398,2.07,-0.66
16770,399,1.26,-0.22
16770,400,1.13,3.17
16780,361,-1,-6.5
16780,369,-0.9,2.94
16780,371,-0.9,3.45
16780,391,2.96,-2.77
16780,392,-1.37,-4.39
16780,393,0.63,3.74
16780,394,0.11,4.18
16780,395,1.72,-9.1
16780,396,3.8,1.88
16780,398,2.01,-1.34
16780,399,1.24,-0.94
16780,400,1.09,3.18
16790,361,-1.24,-6.36
16790,391,2.99,-2.57
16790,396,3.67,2.5
16790,398,1.96,-2.03
16790,399,1.23,-1.68
17620,408,1.08,0.98
17620,409,2.02,-1.82
17620,410,3.45,-0.65
17620,411,3.62,-4.04
17620,412,2.71,3.42
17630,408,1.14,1.63
17630,409,1.89,-2.6
17630,410,3.42,-0.22
17630,411,3.62,-3.51
17630,412,2.59,2.85
17640,408,1.15,2.23
17640,409,1.92,-3.38
17640,410,3.4,0.21
17640,411,3.61,-2.98
17640,412,2.43,2.25
17650,408,1.24,2.79
17650,409,1.9,-4.13
17650,410,3.36,0.69
17650,411,3.62,-2.53
17650,412,2.38,1.65
17660,409,1.89,-4.89
17660,410,3.36,1.1
17660,411,3.61,-2
17660,412,2.27,1.07
17670,409,1.94,-5.65
17670,410,3.33,1.49
17670,411,3.6,-1.5
17670,412,2.15,0.48
17680,409,1.94,-6.43
17680,410,3.17,1.85
17680,411,3.6,-1.12
17680,412,2.13,-0.13
17690,409,1.91,-7.29
17690,410,3.14,2.03
17690,411,3.71,-0.85
17690,412,2.08,-0.74
17700,409,1.96,-7.95
17700,412,2.05,-1.33
17710,409,1.92,-8.73
17710,412,2.05,-1.92
17720,412,1.95,-2.54
17730,412,1.88,-3.09
17740,412,1.83,-3.71
17750,412,1.75,-4.36
17750,413,0.67,-9.37
17760,412,1.79,-5
17760,413,0.7,-8.74
17770,412,1.7,-5.69
17770,413,0.74,-8.13
17770,414,2.78,-10.05
17780,412,1.65,-6.29
17780,413,0.81,-7.53
17780,414,2.68,-9.51
17790,412,1.69,-6.85
17790,413,0.9,-6.95
17790,414,2.63,-8.89
17800,412,1.62,-7.47
17800,413,1.01,-6.33
17800,414,2.67,-8.18
17800,415,2.19,1.48
17810,412,1.51,-8.08
17810,413,1.17,-5.72
17810,414,2.63,-7.5
17810,415,2.17,0.89
17820,412,1.48,-8.7
17820,413,1.36,-5.14
17820,414,2.68,-6.83
17820,415,2.1,0.33
17830,412,1.37,-9.3
17830,413,1.52,-4.55
17830,414,2.72,-6.2
17830,415,2.04,-0.25
17840,413,1.7,-3.97
17840,414,2.74,-5.5
17840,415,1.92,-0.75
17850,413,1.86,-3.37
17850,414,2.83,-4.82
17850,415,1.72,-1.3
17860,413,2.1,-2.76
17860,414,2.81,-4.19
17860,415,1.63,-1.93
17870,413,2.28,-2.15
17870,414,2.82,-3.56
17870,415,1.43,-2.48
17880,413,2.41,-1.53
17880,414,2.9,-2.88
17880,415,1.27,-3.06
17880,416,1.62,1.63
17890,413,2.53,-0.88
17890,414,2.83,-2.42
17890,415,1.2,-3.66
17890,416,1.58,1.14
17900,413,2.62,-0.26
17900,414,2.8,-1.96
17900,415,1.09,-4.27
17900,416,1.6,0.6
17910,413,2.75,0.35
17910,414,2.81,-1.47
17910,415,1.09,-4.91
17910,416,1.55,0.05
17920,413,2.89,0.96
17920,414,2.75,-0.95
17920,415,1.08,-5.45
17920,416,1.56,-0.44
17920,417,3.7,-1
17930,413,3.03,1.54
17930,414,2.75,-0.32
17930,415,1.06,-6.08
17930,416,1.55,-1
17930,417,3.53,-1.51
17930,418,3.69,-4.77
17940,413,3.24,2.11
17940,414,2.78,0.29
17940,415,1.16,-6.71
17940,416,1.5,-1.55
17940,417,3.34,-1.97
17940,418,3.56,-4.31
17940,419,3.36,-9.64
17950,413,3.51,2.8
17950,414,2.76,0.92
17950,415,1.12,-7.31
17950,416,1.51,-2.11
17950,417,3.07,-2.37
17950,418,3.52,-3.75
17950,419,3.34,-8.99
17960,414,2.83,1.51
17960,415,1.16,-7.94
17960,416,1.42,-2.68
17960,417,2.93,-2.84
17960,418,3.81,-3.24
17960,419,3.29,-8.29
17970,414,2.9,2.11
17970,415,1.21,-8.51
17970,416,1.37,-3.2
17970,417,2.83,-3.36
17970,418,3.94,-2.84
17970,419,3.33,-7.59
