10,0,4.86,0.3
20,0,4.5,0.22
30,0,4.12,0.16
40,0,3.72,0.11
50,0,3.31,0.07
60,0,2.9,0.04
70,0,2.48,0.01
80,0,2.06,-0.02
90,0,1.64,-0.05
100,0,1.22,-0.07
110,0,0.78,-0.08
120,0,0.34,-0.08
130,0,-0.11,-0.08
140,0,-0.57,-0.07
150,0,-1.03,-0.07
160,0,-1.5,-0.07
170,0,-1.97,-0.08
180,0,-2.44,-0.11
190,0,-2.92,-0.16
200,0,-3.4,-0.22
210,0,-3.89,-0.29
220,0,-4.38,-0.35
230,0,-4.86,-0.39
240,0,-5.35,-0.41
250,0,-5.84,-0.43
260,0,-6.32,-0.45
270,0,-6.79,-0.48
280,0,-7.24,-0.53
10,1,4.72,0.93
20,1,4.6,0.8
30,1,4.41,0.65
40,1,4.15,0.51
50,1,3.83,0.39
60,1,3.43,0.31
70,1,2.97,0.28
80,1,2.47,0.28
90,1,1.95,0.31
100,1,1.47,0.34
110,1,1,0.37
120,1,0.55,0.39
130,1,0.09,0.41
140,1,-0.37,0.44
150,1,-0.85,0.46
160,1,-1.33,0.47
170,1,-1.81,0.48
180,1,-2.29,0.48
190,1,-2.77,0.47
200,1,-3.25,0.45
210,1,-3.73,0.42
220,1,-4.21,0.39
230,1,-4.69,0.34
240,1,-5.18,0.29
250,1,-5.66,0.24
260,1,-6.14,0.18
270,1,-6.62,0.13
280,1,-7.09,0.07
290,1,-7.56,0.03
10,2,2.24,-0.04
20,2,2.65,-0.28
30,2,3.06,-0.53
40,2,3.47,-0.76
50,2,3.91,-0.97
60,2,4.39,-1.14
70,2,4.89,-1.29
80,2,5.36,-1.45
90,2,5.78,-1.65
100,2,6.19,-1.86
110,2,6.59,-2.06
120,2,7.03,-2.21
130,2,7.53,-2.29
10,3,-0.19,-0.1
20,3,-0.72,0.13
30,3,-1.28,0.35
40,3,-1.87,0.58
50,3,-2.47,0.79
60,3,-3.08,0.98
70,3,-3.69,1.16
80,3,-4.31,1.31
90,3,-4.93,1.45
100,3,-5.54,1.59
110,3,-6.11,1.73
120,3,-6.62,1.9
130,3,-7.05,2.11
140,3,-7.36,2.38
150,3,-7.55,2.73
10,4,-2.27,0.36
20,4,-2.73,0.41
30,4,-3.2,0.46
40,4,-3.66,0.42
50,4,-4.14,0.31
60,4,-4.61,0.21
70,4,-5.1,0.11
80,4,-5.6,0.02
90,4,-6.09,-0.06
100,4,-6.56,-0.09
110,4,-7.03,-0.13
120,4,-7.51,-0.16
10,5,-1.58,-0.42
20,5,-2.17,-0.39
30,5,-2.76,-0.36
40,5,-3.31,-0.4
50,5,-3.85,-0.45
60,5,-4.4,-0.5
70,5,-4.89,-0.57
80,5,-5.39,-0.64
90,5,-5.88,-0.72
100,5,-6.35,-0.78
110,5,-6.8,-0.84
120,5,-7.26,-0.89
10,6,0.36,-0.91
20,6,0.97,-0.85
30,6,1.58,-0.8
40,6,2.19,-0.72
50,6,2.79,-0.63
60,6,3.39,-0.53
70,6,4.03,-0.44
80,6,4.7,-0.36
90,6,5.36,-0.28
100,6,6.02,-0.25
110,6,6.67,-0.26
120,6,7.32,-0.28
10,7,-0.02,-2.39
20,7,0.49,-2.45
30,7,0.98,-2.48
40,7,1.45,-2.49
50,7,1.91,-2.48
60,7,2.35,-2.46
70,7,2.78,-2.44
80,7,3.19,-2.43
90,7,3.58,-2.43
100,7,3.97,-2.43
110,7,4.36,-2.44
120,7,4.75,-2.44
130,7,5.15,-2.44
140,7,5.55,-2.45
150,7,5.97,-2.44
160,7,6.4,-2.44
170,7,6.86,-2.42
180,7,7.33,-2.4
10,8,-0.12,-1.7
20,8,0.3,-1.7
30,8,0.73,-1.7
40,8,1.16,-1.7
50,8,1.63,-1.7
60,8,2.1,-1.7
70,8,2.57,-1.7
80,8,3.04,-1.7
90,8,3.47,-1.7
100,8,3.9,-1.7
110,8,4.33,-1.7
120,8,4.76,-1.7
130,8,5.17,-1.68
140,8,5.55,-1.64
150,8,5.93,-1.6
160,8,6.31,-1.56
170,8,6.69,-1.52
180,8,7.07,-1.47
190,8,7.45,-1.43
110,9,7.4,-0.85
120,9,6.94,-0.75
130,9,6.45,-0.68
140,9,5.96,-0.62
150,9,5.45,-0.56
160,9,4.93,-0.52
170,9,4.42,-0.47
180,9,3.9,-0.41
190,9,3.38,-0.35
200,9,2.88,-0.27
210,9,2.38,-0.18
220,9,1.91,-0.06
230,9,1.45,0.08
240,9,1.01,0.24
250,9,0.57,0.39
260,9,0.13,0.54
270,9,-0.32,0.66
280,9,-0.77,0.76
290,9,-1.22,0.83
300,9,-1.68,0.88
310,9,-2.12,0.9
320,9,-2.57,0.9
330,9,-3.02,0.9
340,9,-3.47,0.9
350,9,-3.93,0.92
360,9,-4.39,0.97
370,9,-4.86,1.04
380,9,-5.31,1.14
390,9,-5.73,1.26
400,9,-6.13,1.41
410,9,-6.48,1.58
420,9,-6.8,1.77
430,9,-7.07,1.98
440,9,-7.29,2.2
450,9,-7.45,2.43
460,9,-7.56,2.67
470,9,-7.6,2.91
110,10,7.48,-1.49
120,10,7.04,-1.35
130,10,6.55,-1.3
140,10,6.04,-1.32
150,10,5.5,-1.38
160,10,4.96,-1.46
170,10,4.42,-1.51
180,10,3.9,-1.53
190,10,3.39,-1.5
200,10,2.9,-1.43
210,10,2.41,-1.31
220,10,1.93,-1.15
230,10,1.44,-0.97
240,10,0.97,-0.78
250,10,0.5,-0.6
260,10,0.06,-0.45
270,10,-0.36,-0.33
280,10,-0.78,-0.25
290,10,-1.19,-0.19
300,10,-1.62,-0.15
310,10,-2.06,-0.12
320,10,-2.53,-0.09
330,10,-3,-0.06
340,10,-3.46,-0.03
350,10,-3.91,0.02
360,10,-4.36,0.09
370,10,-4.81,0.17
380,10,-5.27,0.25
390,10,-5.74,0.35
400,10,-6.21,0.46
410,10,-6.66,0.6
420,10,-7.07,0.78
430,10,-7.41,1.01
440,10,-7.67,1.31
180,11,-7.23,-1.89
190,11,-6.65,-1.75
200,11,-6.07,-1.66
210,11,-5.49,-1.62
220,11,-4.91,-1.6
230,11,-4.33,-1.61
240,11,-3.74,-1.62
250,11,-3.14,-1.63
260,11,-2.53,-1.63
270,11,-1.92,-1.61
280,11,-1.31,-1.59
290,11,-0.71,-1.56
300,11,-0.11,-1.52
310,11,0.47,-1.47
320,11,1.05,-1.39
330,11,1.63,-1.29
340,11,2.2,-1.18
350,11,2.78,-1.09
360,11,3.37,-1.04
370,11,3.96,-1.02
380,11,4.56,-1.02
390,11,5.15,-1.05
400,11,5.74,-1.08
410,11,6.31,-1.11
420,11,6.86,-1.13
430,11,7.4,-1.13
180,12,-7.13,-2.39
190,12,-6.58,-2.39
200,12,-6.01,-2.37
210,12,-5.44,-2.32
220,12,-4.87,-2.26
230,12,-4.29,-2.18
240,12,-3.72,-2.09
250,12,-3.15,-2.01
260,12,-2.59,-1.92
270,12,-2.03,-1.85
280,12,-1.45,-1.79
290,12,-0.86,-1.74
300,12,-0.25,-1.72
310,12,0.38,-1.7
320,12,1.02,-1.68
330,12,1.66,-1.65
340,12,2.3,-1.6
350,12,2.93,-1.54
360,12,3.56,-1.49
370,12,4.17,-1.48
380,12,4.78,-1.52
390,12,5.37,-1.57
400,12,5.95,-1.63
410,12,6.52,-1.68
420,12,7.06,-1.69
430,12,7.59,-1.66
320,13,-7.33,-2.09
330,13,-6.99,-2.15
340,13,-6.63,-2.2
350,13,-6.26,-2.24
360,13,-5.88,-2.27
370,13,-5.51,-2.3
380,13,-5.13,-2.31
390,13,-4.76,-2.32
400,13,-4.4,-2.33
410,13,-4.06,-2.32
420,13,-3.74,-2.32
430,13,-3.44,-2.31
440,13,-3.15,-2.3
450,13,-2.86,-2.3
460,13,-2.55,-2.32
470,13,-2.21,-2.35
480,13,-1.85,-2.38
490,13,-1.46,-2.4
500,13,-1.05,-2.38
510,13,-0.63,-2.33
520,13,-0.2,-2.25
530,13,0.24,-2.17
540,13,0.69,-2.09
550,13,1.15,-2.04
560,13,1.6,-2.03
570,13,2.05,-2.04
580,13,2.5,-2.07
590,13,2.93,-2.09
600,13,3.36,-2.08
610,13,3.77,-2.03
620,13,4.17,-1.95
630,13,4.57,-1.85
640,13,4.95,-1.76
650,13,5.33,-1.66
660,13,5.7,-1.59
670,13,6.07,-1.53
680,13,6.42,-1.47
690,13,6.75,-1.41
700,13,7.05,-1.33
710,13,7.31,-1.23
720,13,7.54,-1.09
320,14,-7.41,-2.58
330,14,-7.04,-2.65
340,14,-6.67,-2.71
350,14,-6.32,-2.75
360,14,-5.96,-2.78
370,14,-5.61,-2.8
380,14,-5.25,-2.82
390,14,-4.89,-2.83
400,14,-4.52,-2.84
410,14,-4.15,-2.85
420,14,-3.76,-2.86
430,14,-3.38,-2.87
440,14,-3,-2.88
450,14,-2.62,-2.89
460,14,-2.27,-2.91
470,14,-1.92,-2.92
480,14,-1.57,-2.93
490,14,-1.23,-2.91
500,14,-0.88,-2.88
510,14,-0.53,-2.82
520,14,-0.17,-2.75
530,14,0.21,-2.68
540,14,0.61,-2.62
550,14,1.02,-2.6
560,14,1.46,-2.59
570,14,1.9,-2.6
580,14,2.35,-2.63
590,14,2.8,-2.66
600,14,3.25,-2.7
610,14,3.69,-2.72
620,14,4.12,-2.71
630,14,4.54,-2.66
640,14,4.94,-2.55
650,14,5.32,-2.4
660,14,5.7,-2.24
670,14,6.09,-2.11
680,14,6.46,-1.99
690,14,6.81,-1.88
700,14,7.13,-1.77
710,14,7.4,-1.65
720,14,7.61,-1.52
320,15,7.43,-2.48
330,15,6.86,-2.56
340,15,6.28,-2.61
350,15,5.68,-2.63
360,15,5.08,-2.61
370,15,4.48,-2.56
380,15,3.87,-2.46
390,15,3.28,-2.32
400,15,2.69,-2.14
410,15,2.12,-1.92
420,15,1.55,-1.69
430,15,1.01,-1.46
440,15,0.48,-1.24
450,15,-0.04,-1.02
460,15,-0.54,-0.8
470,15,-1.03,-0.58
480,15,-1.5,-0.34
490,15,-1.97,-0.11
500,15,-2.44,0.11
510,15,-2.91,0.3
520,15,-3.39,0.46
530,15,-3.88,0.61
540,15,-4.36,0.76
550,15,-4.83,0.92
560,15,-5.27,1.09
570,15,-5.69,1.29
580,15,-6.08,1.5
590,15,-6.43,1.73
600,15,-6.75,1.95
610,15,-7.03,2.17
620,15,-7.26,2.38
630,15,-7.44,2.58
340,16,-7.3,-1.29
350,16,-6.89,-1.27
360,16,-6.5,-1.25
370,16,-6.1,-1.24
380,16,-5.71,-1.24
390,16,-5.32,-1.24
400,16,-4.92,-1.25
410,16,-4.53,-1.26
420,16,-4.14,-1.28
430,16,-3.74,-1.29
440,16,-3.34,-1.31
450,16,-2.94,-1.32
460,16,-2.53,-1.32
470,16,-2.12,-1.31
480,16,-1.7,-1.27
490,16,-1.28,-1.2
500,16,-0.85,-1.12
510,16,-0.42,-1.03
520,16,0,-0.94
530,16,0.42,-0.87
540,16,0.83,-0.83
550,16,1.24,-0.8
560,16,1.64,-0.77
570,16,2.06,-0.75
580,16,2.48,-0.71
590,16,2.91,-0.65
600,16,3.36,-0.59
610,16,3.81,-0.51
620,16,4.27,-0.44
630,16,4.73,-0.36
640,16,5.18,-0.29
650,16,5.64,-0.23
660,16,6.09,-0.18
670,16,6.53,-0.16
680,16,6.96,-0.16
690,16,7.38,-0.19
340,17,-7.49,-2.1
350,17,-7.2,-2.08
360,17,-6.86,-2.07
370,17,-6.49,-2.06
380,17,-6.09,-2.06
390,17,-5.67,-2.05
400,17,-5.23,-2.05
410,17,-4.8,-2.05
420,17,-4.37,-2.06
430,17,-3.95,-2.06
440,17,-3.55,-2.05
450,17,-3.16,-2.04
460,17,-2.77,-2.02
470,17,-2.37,-1.99
480,17,-1.95,-1.93
490,17,-1.5,-1.85
500,17,-1.05,-1.77
510,17,-0.59,-1.69
520,17,-0.13,-1.62
530,17,0.3,-1.57
540,17,0.73,-1.54
550,17,1.15,-1.51
560,17,1.57,-1.49
570,17,2.01,-1.47
580,17,2.46,-1.43
590,17,2.92,-1.4
600,17,3.39,-1.36
610,17,3.85,-1.32
620,17,4.32,-1.29
630,17,4.78,-1.27
640,17,5.22,-1.24
650,17,5.66,-1.22
660,17,6.09,-1.19
670,17,6.5,-1.16
680,17,6.9,-1.12
690,17,7.28,-1.07
460,18,7.12,-2.74
470,18,6.42,-2.81
480,18,5.73,-2.87
490,18,5.04,-2.91
500,18,4.37,-2.96
510,18,3.72,-3.02
520,18,3.09,-3.1
530,18,2.47,-3.2
540,18,1.87,-3.28
550,18,1.24,-3.29
560,18,0.58,-3.21
570,18,-0.07,-3.08
580,18,-0.71,-2.93
590,18,-1.34,-2.79
600,18,-1.97,-2.68
610,18,-2.62,-2.61
620,18,-3.27,-2.58
630,18,-3.92,-2.58
640,18,-4.58,-2.59
650,18,-5.23,-2.61
660,18,-5.88,-2.64
670,18,-6.51,-2.68
680,18,-7.12,-2.72
600,19,7.5,-2.04
610,19,7.08,-2.03
620,19,6.65,-2.26
630,19,6.19,-2.59
640,19,5.72,-2.86
650,19,5.22,-2.93
660,19,4.7,-2.82
670,19,4.18,-2.66
680,19,3.65,-2.51
690,19,3.13,-2.36
700,19,2.59,-2.21
710,19,2.06,-2.06
720,19,1.52,-1.91
730,19,0.99,-1.8
740,19,0.46,-1.74
750,19,-0.05,-1.75
760,19,-0.56,-1.79
770,19,-1.07,-1.84
780,19,-1.59,-1.89
790,19,-2.12,-1.93
800,19,-2.65,-1.95
810,19,-3.18,-1.96
820,19,-3.72,-1.95
830,19,-4.25,-1.92
840,19,-4.79,-1.89
850,19,-5.31,-1.86
860,19,-5.83,-1.82
870,19,-6.34,-1.8
880,19,-6.83,-1.79
890,19,-7.3,-1.8
620,20,7.17,-4.08
630,20,6.66,-4.11
640,20,6.14,-4.16
650,20,5.6,-4.2
660,20,5.05,-4.23
670,20,4.5,-4.24
680,20,3.95,-4.23
690,20,3.4,-4.19
700,20,2.85,-4.12
710,20,2.31,-4.04
720,20,1.78,-3.96
730,20,1.26,-3.89
740,20,0.74,-3.83
750,20,0.22,-3.79
760,20,-0.29,-3.78
770,20,-0.81,-3.78
780,20,-1.33,-3.81
790,20,-1.84,-3.84
800,20,-2.36,-3.87
810,20,-2.87,-3.89
820,20,-3.38,-3.9
830,20,-3.88,-3.9
840,20,-4.38,-3.88
850,20,-4.89,-3.87
860,20,-5.39,-3.85
870,20,-5.89,-3.84
880,20,-6.4,-3.84
890,20,-6.92,-3.86
900,20,-7.43,-3.9
620,21,7.29,-3
630,21,6.74,-3.09
640,21,6.22,-3.23
650,21,5.72,-3.38
660,21,5.21,-3.49
670,21,4.67,-3.51
680,21,4.1,-3.45
690,21,3.54,-3.34
700,21,3,-3.23
710,21,2.48,-3.13
720,21,1.98,-3.03
730,21,1.46,-2.94
740,21,0.92,-2.85
750,21,0.37,-2.78
760,21,-0.19,-2.72
770,21,-0.74,-2.68
780,21,-1.28,-2.67
790,21,-1.81,-2.67
800,21,-2.33,-2.68
810,21,-2.83,-2.69
820,21,-3.32,-2.72
830,21,-3.8,-2.74
840,21,-4.27,-2.76
850,21,-4.74,-2.79
860,21,-5.22,-2.81
870,21,-5.71,-2.83
880,21,-6.22,-2.85
890,21,-6.76,-2.86
900,21,-7.33,-2.87
690,22,7.15,-3.07
700,22,6.63,-3.01
710,22,6.1,-2.95
720,22,5.58,-2.9
730,22,5.04,-2.84
740,22,4.51,-2.79
750,22,3.97,-2.75
760,22,3.44,-2.7
770,22,2.89,-2.67
780,22,2.35,-2.63
790,22,1.82,-2.61
800,22,1.29,-2.58
810,22,0.78,-2.56
820,22,0.27,-2.55
830,22,-0.22,-2.53
840,22,-0.71,-2.52
850,22,-1.2,-2.5
860,22,-1.68,-2.49
870,22,-2.16,-2.47
880,22,-2.65,-2.46
890,22,-3.12,-2.44
900,22,-3.6,-2.43
910,22,-4.07,-2.43
920,22,-4.53,-2.42
930,22,-5,-2.43
940,22,-5.47,-2.44
950,22,-5.94,-2.45
960,22,-6.42,-2.48
970,22,-6.9,-2.51
980,22,-7.39,-2.56
690,23,7.12,-2.57
700,23,6.56,-2.5
710,23,6.02,-2.43
720,23,5.5,-2.37
730,23,4.99,-2.3
740,23,4.49,-2.24
750,23,3.99,-2.19
760,23,3.5,-2.13
770,23,3,-2.07
780,23,2.49,-2.01
790,23,1.99,-1.96
800,23,1.49,-1.93
810,23,0.98,-1.91
820,23,0.48,-1.91
830,23,-0.01,-1.93
840,23,-0.5,-1.95
850,23,-0.99,-1.96
860,23,-1.47,-1.96
870,23,-1.94,-1.95
880,23,-2.42,-1.94
890,23,-2.89,-1.94
900,23,-3.37,-1.94
910,23,-3.84,-1.94
920,23,-4.32,-1.95
930,23,-4.8,-1.97
940,23,-5.28,-1.98
950,23,-5.75,-1.99
960,23,-6.22,-2
970,23,-6.69,-1.99
980,23,-7.16,-1.98
710,24,7.33,-2.22
720,24,6.79,-2.09
730,24,6.14,-1.9
740,24,5.42,-1.67
750,24,4.73,-1.43
760,24,4.1,-1.2
770,24,3.49,-0.94
780,24,2.9,-0.67
790,24,2.29,-0.37
800,24,1.68,-0.1
810,24,1.06,0.14
820,24,0.44,0.33
830,24,-0.19,0.48
840,24,-0.82,0.61
850,24,-1.46,0.72
860,24,-2.1,0.84
870,24,-2.75,0.95
880,24,-3.39,1.06
890,24,-4.01,1.16
900,24,-4.61,1.23
910,24,-5.18,1.32
920,24,-5.72,1.44
930,24,-6.22,1.63
940,24,-6.66,1.88
950,24,-7.02,2.18
960,24,-7.28,2.5
970,24,-7.42,2.82
980,24,-7.41,3.15
720,25,7.13,-2.82
730,25,6.49,-2.67
740,25,5.81,-2.43
750,25,5.11,-2.16
760,25,4.43,-1.91
770,25,3.76,-1.72
780,25,3.1,-1.54
790,25,2.44,-1.31
800,25,1.78,-1.03
810,25,1.13,-0.75
820,25,0.48,-0.51
830,25,-0.17,-0.33
840,25,-0.81,-0.18
850,25,-1.45,-0.02
860,25,-2.1,0.14
870,25,-2.76,0.3
880,25,-3.41,0.45
890,25,-4.05,0.56
900,25,-4.69,0.66
910,25,-5.31,0.76
920,25,-5.9,0.89
930,25,-6.43,1.05
940,25,-6.86,1.26
950,25,-7.16,1.53
960,25,-7.37,1.82
970,25,-7.48,2.14
980,25,-7.54,2.45
990,25,-7.54,2.74
740,26,7.27,-2.16
750,26,6.7,-2.09
760,26,6.14,-1.91
770,26,5.59,-1.66
780,26,5.04,-1.37
790,26,4.5,-1.07
800,26,3.96,-0.79
810,26,3.42,-0.54
820,26,2.87,-0.32
830,26,2.33,-0.1
840,26,1.78,0.15
850,26,1.23,0.39
860,26,0.68,0.59
870,26,0.12,0.72
880,26,-0.45,0.81
890,26,-1.02,0.87
900,26,-1.59,0.94
910,26,-2.17,1.01
920,26,-2.75,1.08
930,26,-3.32,1.14
940,26,-3.89,1.17
950,26,-4.46,1.18
960,26,-5.02,1.15
970,26,-5.59,1.1
980,26,-6.16,1.01
990,26,-6.73,0.91
1000,26,-7.31,0.78
740,27,7.4,-3.21
750,27,6.77,-3.27
760,27,6.14,-3.21
770,27,5.5,-3.06
780,27,4.87,-2.84
790,27,4.27,-2.54
800,27,3.68,-2.2
810,27,3.13,-1.83
820,27,2.61,-1.45
830,27,2.1,-1.1
840,27,1.6,-0.8
850,27,1.08,-0.57
860,27,0.54,-0.4
870,27,-0.03,-0.28
880,27,-0.63,-0.2
890,27,-1.24,-0.12
900,27,-1.83,-0.03
910,27,-2.38,0.09
920,27,-2.9,0.24
930,27,-3.42,0.37
940,27,-3.97,0.44
950,27,-4.54,0.43
960,27,-5.14,0.36
970,27,-5.73,0.26
980,27,-6.32,0.14
990,27,-6.88,0.01
1000,27,-7.41,-0.1
750,28,-7.35,-1.83
760,28,-6.74,-1.78
770,28,-6.14,-1.68
780,28,-5.54,-1.56
790,28,-4.94,-1.43
800,28,-4.34,-1.3
810,28,-3.74,-1.19
820,28,-3.13,-1.12
830,28,-2.53,-1.08
840,28,-1.95,-1.07
850,28,-1.39,-1.1
860,28,-0.84,-1.15
870,28,-0.28,-1.21
880,28,0.3,-1.28
890,28,0.91,-1.35
900,28,1.53,-1.4
910,28,2.13,-1.43
920,28,2.65,-1.43
930,28,3.09,-1.4
940,28,3.45,-1.33
950,28,3.76,-1.22
960,28,4.05,-1.08
970,28,4.32,-0.94
980,28,4.53,-0.84
990,28,4.7,-0.78
1000,28,4.84,-0.74
1010,28,4.97,-0.71
1020,28,5.1,-0.68
1030,28,5.23,-0.65
1040,28,5.36,-0.61
1050,28,5.48,-0.58
1060,28,5.6,-0.54
1070,28,5.72,-0.5
1080,28,5.84,-0.47
1090,28,5.96,-0.43
1100,28,6.07,-0.39
1110,28,6.18,-0.35
1120,28,6.29,-0.32
1130,28,6.39,-0.28
1140,28,6.49,-0.24
1150,28,6.59,-0.2
1160,28,6.69,-0.16
1170,28,6.79,-0.12
1180,28,6.88,-0.08
1190,28,6.97,-0.04
1200,28,7.05,0
1210,28,7.14,0.04
1220,28,7.22,0.08
1230,28,7.3,0.12
1240,28,7.37,0.15
1250,28,7.44,0.19
1260,28,7.51,0.23
1270,28,7.58,0.26
1280,28,7.64,0.3
1290,28,7.7,0.34
1300,28,7.76,0.37
1310,28,7.81,0.4
1320,28,7.86,0.44
1330,28,7.91,0.47
1340,28,7.95,0.5
1350,28,7.99,0.53
1360,28,8.03,0.56
1370,28,8.06,0.58
1380,28,8.09,0.61
1390,28,8.12,0.64
1400,28,8.14,0.66
1410,28,8.16,0.68
1420,28,8.18,0.7
1430,28,8.19,0.72
1440,28,8.2,0.74
1450,28,8.2,0.75
1460,28,8.2,0.77
1470,28,8.2,0.78
1480,28,8.2,0.79
1490,28,8.19,0.8
1500,28,8.17,0.8
1510,28,8.15,0.81
1520,28,8.13,0.81
1530,28,8.11,0.81
1540,28,8.08,0.81
1550,28,8.04,0.8
1560,28,8,0.8
1570,28,7.96,0.79
1580,28,7.92,0.78
1590,28,7.87,0.76
1600,28,7.81,0.74
1610,28,7.75,0.72
1620,28,7.69,0.7
1630,28,7.62,0.68
1640,28,7.55,0.65
1650,28,7.47,0.62
1660,28,7.39,0.58
1670,28,7.31,0.55
1680,28,7.22,0.51
1690,28,7.12,0.46
1700,28,7.02,0.42
1710,28,6.92,0.37
1720,28,6.81,0.32
1730,28,6.7,0.26
1740,28,6.58,0.2
1750,28,6.46,0.14
1760,28,6.33,0.07
1770,28,6.2,0
1780,28,6.06,-0.08
1790,28,5.92,-0.15
1800,28,5.77,-0.24
1810,28,5.62,-0.32
1820,28,5.46,-0.41
1830,28,5.3,-0.5
1840,28,5.13,-0.6
1850,28,4.96,-0.7
1860,28,4.79,-0.82
1870,28,4.63,-1.01
1880,28,4.52,-1.34
1890,28,4.45,-1.84
1900,28,4.44,-2.5
1910,28,4.45,-3.29
1920,28,4.48,-4.16
1930,28,4.51,-5.08
1940,28,4.54,-6.03
760,29,-6.96,-1.25
770,29,-6.38,-1.15
780,29,-5.79,-1.04
790,29,-5.19,-0.94
800,29,-4.6,-0.85
810,29,-4.02,-0.76
820,29,-3.45,-0.68
830,29,-2.89,-0.63
840,29,-2.31,-0.62
850,29,-1.7,-0.65
860,29,-1.08,-0.7
870,29,-0.49,-0.73
880,29,0.08,-0.75
890,29,0.65,-0.77
900,29,1.23,-0.8
910,29,1.82,-0.86
920,29,2.42,-0.92
930,29,3.01,-0.97
940,29,3.56,-0.98
950,29,4.06,-0.97
960,29,4.49,-0.94
970,29,4.81,-0.92
980,29,5.05,-0.9
990,29,5.25,-0.88
1000,29,5.43,-0.87
1010,29,5.61,-0.86
1020,29,5.78,-0.85
1030,29,5.95,-0.85
1040,29,6.11,-0.85
1050,29,6.27,-0.85
1060,29,6.42,-0.85
1070,29,6.56,-0.86
1080,29,6.7,-0.87
1090,29,6.83,-0.89
1100,29,6.96,-0.9
1110,29,7.09,-0.92
1120,29,7.2,-0.94
1130,29,7.32,-0.96
1140,29,7.43,-0.99
1150,29,7.53,-1.01
1160,29,7.63,-1.04
1170,29,7.72,-1.07
1180,29,7.81,-1.1
1190,29,7.89,-1.13
1200,29,7.97,-1.17
1210,29,8.04,-1.2
1220,29,8.11,-1.24
1230,29,8.18,-1.28
1240,29,8.24,-1.32
1250,29,8.29,-1.36
1260,29,8.35,-1.4
1270,29,8.39,-1.44
1280,29,8.44,-1.48
1290,29,8.48,-1.52
1300,29,8.51,-1.56
1310,29,8.54,-1.61
1320,29,8.57,-1.65
1330,29,8.59,-1.69
1340,29,8.61,-1.74
1350,29,8.63,-1.78
1360,29,8.64,-1.82
1370,29,8.65,-1.86
1380,29,8.65,-1.91
1390,29,8.65,-1.95
1400,29,8.65,-1.99
1410,29,8.64,-2.03
1420,29,8.63,-2.07
1430,29,8.62,-2.1
1440,29,8.6,-2.14
1450,29,8.59,-2.18
1460,29,8.56,-2.21
1470,29,8.54,-2.24
1480,29,8.51,-2.28
1490,29,8.48,-2.31
1500,29,8.44,-2.33
1510,29,8.41,-2.36
1520,29,8.37,-2.38
1530,29,8.32,-2.41
1540,29,8.28,-2.43
1550,29,8.23,-2.45
1560,29,8.18,-2.46
1570,29,8.13,-2.48
1580,29,8.07,-2.49
1590,29,8.01,-2.49
1600,29,7.95,-2.5
1610,29,7.89,-2.5
1620,29,7.82,-2.5
1630,29,7.76,-2.5
1640,29,7.69,-2.49
1650,29,7.62,-2.48
1660,29,7.55,-2.47
1670,29,7.47,-2.45
1680,29,7.39,-2.43
1690,29,7.32,-2.41
1700,29,7.24,-2.38
1710,29,7.16,-2.35
1720,29,7.07,-2.32
1730,29,6.99,-2.28
1740,29,6.9,-2.23
1750,29,6.81,-2.19
1760,29,6.73,-2.13
1770,29,6.64,-2.08
1780,29,6.54,-2.02
1790,29,6.45,-1.95
1800,29,6.36,-1.88
1810,29,6.26,-1.8
1820,29,6.17,-1.72
1830,29,6.07,-1.64
1840,29,5.97,-1.55
1850,29,5.88,-1.45
1860,29,5.78,-1.35
1870,29,5.68,-1.24
1880,29,5.58,-1.13
1890,29,5.48,-1.01
1900,29,5.38,-0.89
1910,29,5.27,-0.76
1920,29,5.16,-0.63
1930,29,5.02,-0.51
1940,29,4.85,-0.41
1950,29,4.63,-0.33
1960,29,4.37,-0.28
1970,29,4.11,-0.23
1980,29,3.86,-0.19
1990,29,3.62,-0.14
2000,29,3.39,-0.09
2010,29,3.17,-0.02
2020,29,2.95,0.07
2030,29,2.73,0.17
2040,29,2.5,0.31
2050,29,2.26,0.49
2060,29,1.99,0.7
2070,29,1.72,0.92
2080,29,1.43,1.12
2090,29,1.13,1.3
2100,29,0.83,1.42
2110,29,0.54,1.5
2120,29,0.25,1.5
2130,29,-0.03,1.46
2140,29,-0.31,1.41
2150,29,-0.61,1.39
2160,29,-0.92,1.4
2170,29,-1.25,1.44
2180,29,-1.59,1.47
2190,29,-1.93,1.49
2200,29,-2.24,1.52
2210,29,-2.49,1.58
2220,29,-2.67,1.67
2230,29,-2.81,1.77
2240,29,-2.9,1.87
2250,29,-2.97,1.94
2260,29,-3.01,1.99
2270,29,-3.03,2.02
2280,29,-3.02,2.04
2290,29,-3,2.04
2300,29,-2.97,2.04
2310,29,-2.93,2.02
2320,29,-2.88,2.01
2330,29,-2.83,1.99
2340,29,-2.77,1.97
2350,29,-2.72,1.96
2360,29,-2.67,1.96
2370,29,-2.63,1.95
2380,29,-2.6,1.96
2390,29,-2.58,1.96
2400,29,-2.58,1.97
2410,29,-2.59,1.97
2420,29,-2.62,1.98
2490,29,-3.43,1.77
2500,29,-3.55,1.71
2510,29,-3.66,1.64
2520,29,-3.75,1.57
2530,29,-3.82,1.51
2540,29,-3.89,1.46
2550,29,-3.96,1.41
2560,29,-4.02,1.38
2570,29,-4.07,1.35
2580,29,-4.12,1.33
2590,29,-4.16,1.31
2600,29,-4.19,1.31
2610,29,-4.22,1.3
2620,29,-4.25,1.31
2630,29,-4.26,1.31
2640,29,-4.28,1.33
2650,29,-4.29,1.34
2660,29,-4.29,1.36
2670,29,-4.29,1.38
2680,29,-4.28,1.41
2690,29,-4.27,1.43
2700,29,-4.25,1.46
2710,29,-4.23,1.49
2720,29,-4.21,1.52
2730,29,-4.18,1.55
2740,29,-4.15,1.57
2750,29,-4.11,1.6
2760,29,-4.07,1.63
2770,29,-4.02,1.65
2780,29,-3.98,1.67
2790,29,-3.92,1.69
2800,29,-3.87,1.71
2810,29,-3.81,1.72
2820,29,-3.75,1.72
2830,29,-3.69,1.73
2840,29,-3.63,1.73
2850,29,-3.57,1.72
2860,29,-3.53,1.72
2870,29,-3.5,1.72
2880,29,-3.48,1.72
2890,29,-3.49,1.72
2900,29,-3.52,1.73
2910,29,-3.55,1.73
2920,29,-3.58,1.73
2930,29,-3.59,1.72
2940,29,-3.56,1.7
2950,29,-3.49,1.66
2960,29,-3.36,1.61
2970,29,-3.16,1.53
2980,29,-2.87,1.42
2990,29,-2.51,1.27
3000,29,-2.09,1.09
3010,29,-1.64,0.86
3020,29,-1.19,0.58
3030,29,-0.76,0.26
3040,29,-0.41,-0.1
3050,29,-0.15,-0.5
3060,29,0,-0.96
3070,29,0.02,-1.48
3080,29,-0.05,-2.02
3090,29,-0.19,-2.52
3100,29,-0.34,-2.95
3110,29,-0.46,-3.25
3120,29,-0.51,-3.41
3130,29,-0.5,-3.46
3140,29,-0.45,-3.45
3150,29,-0.39,-3.43
3160,29,-0.34,-3.42
3170,29,-0.3,-3.42
3180,29,-0.28,-3.41
3190,29,-0.26,-3.4
3200,29,-0.26,-3.39
3210,29,-0.28,-3.35
3220,29,-0.32,-3.3
3230,29,-0.38,-3.22
3240,29,-0.46,-3.13
3250,29,-0.55,-3.02
3260,29,-0.64,-2.94
3270,29,-0.73,-2.88
3280,29,-0.81,-2.86
3290,29,-0.84,-2.86
3300,29,-0.83,-2.86
3310,29,-0.76,-2.85
3320,29,-0.61,-2.82
3330,29,-0.37,-2.76
3340,29,-0.05,-2.68
3350,29,0.31,-2.6
3360,29,0.67,-2.55
3370,29,1.01,-2.54
3380,29,1.28,-2.55
3390,29,1.47,-2.6
3400,29,1.59,-2.66
3410,29,1.67,-2.71
3420,29,1.72,-2.76
3430,29,1.74,-2.8
3440,29,1.74,-2.83
3450,29,1.72,-2.85
3460,29,1.68,-2.86
3470,29,1.64,-2.87
3480,29,1.58,-2.87
3490,29,1.53,-2.87
3500,29,1.47,-2.86
3510,29,1.41,-2.85
3520,29,1.37,-2.83
3530,29,1.33,-2.81
3540,29,1.31,-2.79
3550,29,1.31,-2.76
3560,29,1.33,-2.74
3570,29,1.38,-2.72
3580,29,1.46,-2.69
3590,29,1.57,-2.67
3600,29,1.72,-2.64
3610,29,1.93,-2.62
3620,29,2.21,-2.59
3630,29,2.6,-2.54
3640,29,3.07,-2.47
3650,29,3.58,-2.38
3660,29,4.1,-2.28
3670,29,4.62,-2.18
3680,29,5.14,-2.1
3690,29,5.67,-2.05
3700,29,6.2,-2.02
3710,29,6.72,-1.99
3720,29,7.23,-1.94
1200,30,-7.22,2.34
1210,30,-6.79,1.92
1220,30,-6.35,1.61
1230,30,-5.87,1.37
1240,30,-5.35,1.17
1250,30,-4.77,0.99
1260,30,-4.14,0.81
1270,30,-3.5,0.61
1280,30,-2.9,0.4
1290,30,-2.31,0.18
1300,30,-1.74,-0.04
1310,30,-1.16,-0.24
1320,30,-0.55,-0.44
1330,30,0.06,-0.62
1340,30,0.69,-0.81
1350,30,1.34,-1.01
1360,30,1.99,-1.2
1370,30,2.64,-1.37
1380,30,3.3,-1.51
1390,30,3.96,-1.6
1400,30,4.62,-1.65
1410,30,5.28,-1.64
1420,30,5.93,-1.58
1430,30,6.58,-1.45
1440,30,7.22,-1.27
1290,31,-7.03,-2.34
1300,31,-6.4,-2.25
1310,31,-5.75,-2.17
1320,31,-5.1,-2.11
1330,31,-4.44,-2.06
1340,31,-3.78,-2.03
1350,31,-3.13,-2.02
1360,31,-2.49,-2.01
1370,31,-1.85,-2.01
1380,31,-1.19,-1.99
1390,31,-0.53,-1.97
1400,31,0.15,-1.95
1410,31,0.82,-1.93
1420,31,1.49,-1.9
1430,31,2.16,-1.88
1440,31,2.83,-1.84
1450,31,3.5,-1.8
1460,31,4.16,-1.73
1470,31,4.81,-1.66
1480,31,5.45,-1.57
1490,31,6.07,-1.48
1500,31,6.67,-1.37
1510,31,7.25,-1.26
1530,32,-7.48,1.88
1540,32,-7.08,1.63
1550,32,-6.66,1.43
1560,32,-6.23,1.29
1570,32,-5.79,1.19
1580,32,-5.36,1.12
1590,32,-4.94,1.1
1600,32,-4.53,1.09
1610,32,-4.13,1.08
1620,32,-3.74,1.04
1630,32,-3.35,0.96
1640,32,-2.93,0.87
1650,32,-2.49,0.8
1660,32,-2,0.76
1670,32,-1.49,0.73
1680,32,-0.97,0.67
1690,32,-0.45,0.55
1700,32,0.05,0.4
1710,32,0.55,0.24
1720,32,1.03,0.09
1730,32,1.5,-0.06
1740,32,1.96,-0.26
1750,32,2.39,-0.52
1760,32,2.83,-0.82
1770,32,3.26,-1.12
1780,32,3.71,-1.39
1790,32,4.17,-1.64
1800,32,4.63,-1.9
1810,32,5.06,-2.22
1820,32,5.45,-2.59
1830,32,5.81,-2.94
1840,32,6.11,-3.19
1850,32,6.38,-3.35
1860,32,6.59,-3.56
1870,32,6.77,-3.88
1880,32,6.95,-4.27
1890,32,7.17,-4.69
1900,32,7.48,-5.09
1590,33,7.2,-2.08
1600,33,6.64,-2.07
1610,33,6.07,-2.06
1620,33,5.52,-2.05
1630,33,4.97,-2.04
1640,33,4.43,-2.04
1650,33,3.89,-2.05
1660,33,3.38,-2.08
1670,33,2.87,-2.11
1680,33,2.37,-2.14
1690,33,1.87,-2.15
1700,33,1.37,-2.14
1710,33,0.88,-2.12
1720,33,0.4,-2.09
1730,33,-0.07,-2.06
1740,33,-0.53,-2.04
1750,33,-0.96,-2.03
1760,33,-1.39,-2.03
1770,33,-1.82,-2.04
1780,33,-2.24,-2.05
1790,33,-2.67,-2.06
1800,33,-3.11,-2.07
1810,33,-3.56,-2.08
1820,33,-4.02,-2.09
1830,33,-4.47,-2.1
1840,33,-4.93,-2.11
1850,33,-5.4,-2.12
1860,33,-5.86,-2.14
1870,33,-6.31,-2.16
1880,33,-6.77,-2.18
1890,33,-7.21,-2.2
1580,34,7.41,-2.71
1590,34,6.87,-2.65
1600,34,6.33,-2.64
1610,34,5.81,-2.65
1620,34,5.28,-2.68
1630,34,4.75,-2.72
1640,34,4.21,-2.76
1650,34,3.66,-2.79
1660,34,3.1,-2.8
1670,34,2.55,-2.8
1680,34,2.02,-2.8
1690,34,1.52,-2.79
1700,34,1.06,-2.78
1710,34,0.61,-2.76
1720,34,0.19,-2.74
1730,34,-0.22,-2.72
1740,34,-0.63,-2.7
1750,34,-1.04,-2.68
1760,34,-1.46,-2.66
1770,34,-1.91,-2.65
1780,34,-2.37,-2.65
1790,34,-2.86,-2.66
1800,34,-3.36,-2.67
1810,34,-3.86,-2.69
1820,34,-4.36,-2.72
1830,34,-4.86,-2.74
1840,34,-5.36,-2.76
1850,34,-5.85,-2.79
1860,34,-6.33,-2.8
1870,34,-6.81,-2.82
1880,34,-7.28,-2.82
1650,35,-7.39,-0.26
1660,35,-7.11,-0.04
1670,35,-6.8,0.17
1680,35,-6.48,0.38
1690,35,-6.14,0.58
1700,35,-5.82,0.77
1710,35,-5.51,0.95
1720,35,-5.22,1.14
1730,35,-4.98,1.33
1740,35,-4.77,1.5
1750,35,-4.58,1.65
1760,35,-4.42,1.76
1770,35,-4.28,1.84
1780,35,-4.16,1.88
1790,35,-4.07,1.89
1800,35,-4.02,1.88
1810,35,-3.99,1.87
1820,35,-3.98,1.84
1830,35,-3.99,1.81
1840,35,-4.01,1.78
1850,35,-4.02,1.74
1860,35,-4.03,1.71
1870,35,-4.02,1.69
1880,35,-3.99,1.67
1890,35,-3.93,1.67
1900,35,-3.84,1.67
1910,35,-3.73,1.66
1920,35,-3.58,1.65
1930,35,-3.42,1.62
1940,35,-3.22,1.56
1950,35,-3,1.47
1960,35,-2.77,1.36
1970,35,-2.51,1.24
1980,35,-2.24,1.11
1990,35,-1.96,0.97
2000,35,-1.66,0.85
2010,35,-1.36,0.76
2020,35,-1.06,0.69
2030,35,-0.75,0.65
2040,35,-0.43,0.61
2050,35,-0.1,0.57
2060,35,0.23,0.5
2070,35,0.58,0.4
2080,35,0.93,0.28
2090,35,1.3,0.17
2100,35,1.68,0.09
2110,35,2.07,0.03
2120,35,2.47,-0.03
2130,35,2.88,-0.1
2140,35,3.29,-0.2
2150,35,3.7,-0.32
2160,35,4.12,-0.45
2170,35,4.54,-0.59
2180,35,4.96,-0.71
2190,35,5.38,-0.82
2200,35,5.8,-0.91
2210,35,6.22,-0.98
2220,35,6.63,-1.03
2230,35,7.05,-1.04
2240,35,7.46,-1.01
1640,36,-7.39,-1.37
1650,36,-7.01,-1.14
1660,36,-6.74,-0.88
1670,36,-6.56,-0.61
1680,36,-6.42,-0.35
1690,36,-6.31,-0.12
1700,36,-6.2,0.06
1710,36,-6.06,0.16
1720,36,-5.9,0.21
1730,36,-5.73,0.26
1740,36,-5.58,0.33
1750,36,-5.46,0.46
1760,36,-5.35,0.62
1770,36,-5.26,0.79
1780,36,-5.18,0.96
1790,36,-5.1,1.11
1800,36,-5.02,1.24
1810,36,-4.95,1.36
1820,36,-4.88,1.44
1830,36,-4.83,1.5
1840,36,-4.79,1.54
1850,36,-4.75,1.55
1860,36,-4.71,1.54
1870,36,-4.68,1.53
1880,36,-4.64,1.51
1890,36,-4.6,1.48
1900,36,-4.54,1.46
1910,36,-4.47,1.43
1920,36,-4.36,1.4
1930,36,-4.22,1.37
1940,36,-4.03,1.33
1950,36,-3.81,1.29
1960,36,-3.57,1.24
1970,36,-3.32,1.19
1980,36,-3.08,1.13
1990,36,-2.84,1.06
2000,36,-2.62,1
2010,36,-2.39,0.94
2020,36,-2.15,0.9
2030,36,-1.91,0.87
2040,36,-1.65,0.86
2050,36,-1.37,0.86
2060,36,-1.08,0.86
2070,36,-0.78,0.86
2080,36,-0.46,0.85
2090,36,-0.12,0.83
2100,36,0.23,0.79
2110,36,0.59,0.74
2120,36,0.96,0.68
2130,36,1.33,0.61
2140,36,1.72,0.52
2150,36,2.12,0.43
2160,36,2.54,0.31
2170,36,2.98,0.18
2180,36,3.43,0.04
2190,36,3.9,-0.09
2200,36,4.37,-0.22
2210,36,4.85,-0.32
2220,36,5.32,-0.41
2230,36,5.79,-0.48
2240,36,6.24,-0.53
2250,36,6.66,-0.55
2260,36,7.04,-0.55
2270,36,7.39,-0.52
1680,37,-7.4,-1.13
1690,37,-6.92,-1.13
1700,37,-6.45,-1.11
1710,37,-5.97,-1.08
1720,37,-5.5,-1.03
1730,37,-5.03,-0.97
1740,37,-4.57,-0.91
1750,37,-4.11,-0.86
1760,37,-3.65,-0.81
1770,37,-3.2,-0.77
1780,37,-2.75,-0.74
1790,37,-2.3,-0.72
1800,37,-1.86,-0.7
1810,37,-1.41,-0.68
1820,37,-0.97,-0.68
1830,37,-0.53,-0.68
1840,37,-0.09,-0.7
1850,37,0.34,-0.75
1860,37,0.77,-0.81
1870,37,1.21,-0.88
1880,37,1.66,-0.95
1890,37,2.12,-1
1900,37,2.6,-1.03
1910,37,3.08,-1.05
1920,37,3.56,-1.07
1930,37,4.01,-1.09
1940,37,4.44,-1.1
1950,37,4.85,-1.08
1960,37,5.24,-1.02
1970,37,5.61,-0.91
1980,37,5.98,-0.77
1990,37,6.34,-0.64
2000,37,6.72,-0.57
2010,37,7.1,-0.6
2020,37,7.52,-0.76
1680,38,-7.43,-1.91
1690,38,-6.96,-1.94
1700,38,-6.49,-1.99
1710,38,-6.01,-2.05
1720,38,-5.53,-2.11
1730,38,-5.06,-2.14
1740,38,-4.59,-2.13
1750,38,-4.12,-2.08
1760,38,-3.66,-1.98
1770,38,-3.21,-1.86
1780,38,-2.75,-1.75
1790,38,-2.3,-1.66
1800,38,-1.85,-1.61
1810,38,-1.42,-1.61
1820,38,-1,-1.66
1830,38,-0.56,-1.72
1840,38,-0.1,-1.76
1850,38,0.37,-1.78
1860,38,0.85,-1.8
1870,38,1.33,-1.82
1880,38,1.78,-1.86
1890,38,2.21,-1.92
1900,38,2.64,-1.99
1910,38,3.07,-2.07
1920,38,3.5,-2.14
1930,38,3.92,-2.18
1940,38,4.33,-2.2
1950,38,4.71,-2.17
1960,38,5.08,-2.1
1970,38,5.44,-1.98
1980,38,5.79,-1.82
1990,38,6.13,-1.63
2000,38,6.47,-1.48
2010,38,6.82,-1.42
2020,38,7.18,-1.51
2030,38,7.56,-1.8
1870,39,-7.47,0.35
1880,39,-7.14,0.28
1890,39,-6.78,0.26
1900,39,-6.4,0.28
1910,39,-6.01,0.32
1920,39,-5.61,0.37
1930,39,-5.21,0.4
1940,39,-4.81,0.4
1950,39,-4.42,0.34
1960,39,-4.04,0.23
1970,39,-3.67,0.07
1980,39,-3.31,-0.12
1990,39,-2.96,-0.32
2000,39,-2.62,-0.53
2010,39,-2.28,-0.73
2020,39,-1.91,-0.92
2030,39,-1.52,-1.08
2040,39,-1.11,-1.23
2050,39,-0.68,-1.35
2060,39,-0.25,-1.45
2070,39,0.16,-1.53
2080,39,0.57,-1.62
2090,39,0.99,-1.71
2100,39,1.42,-1.83
2110,39,1.86,-1.95
2120,39,2.3,-2.04
2130,39,2.73,-2.08
2140,39,3.13,-2.06
2150,39,3.51,-2
2160,39,3.85,-1.92
2170,39,4.17,-1.85
2180,39,4.47,-1.8
2190,39,4.76,-1.78
2200,39,5.07,-1.8
2210,39,5.4,-1.87
2220,39,5.77,-1.96
2230,39,6.16,-2.07
2240,39,6.57,-2.15
2250,39,7,-2.19
2260,39,7.45,-2.17
1900,40,-7.21,0.82
1910,40,-6.88,0.84
1920,40,-6.54,0.83
1930,40,-6.2,0.81
1940,40,-5.86,0.78
1950,40,-5.53,0.76
1960,40,-5.19,0.74
1970,40,-4.86,0.75
1980,40,-4.54,0.76
1990,40,-4.22,0.77
2000,40,-3.9,0.75
2010,40,-3.58,0.68
2020,40,-3.25,0.56
2030,40,-2.91,0.42
2040,40,-2.56,0.26
2050,40,-2.18,0.1
2060,40,-1.79,-0.05
2070,40,-1.38,-0.16
2080,40,-0.97,-0.24
2090,40,-0.58,-0.31
2100,40,-0.24,-0.43
2110,40,0.01,-0.66
2120,40,0.19,-0.96
2130,40,0.37,-1.21
2140,40,0.6,-1.33
2150,40,0.86,-1.3
2160,40,1.17,-1.18
2170,40,1.58,-1.05
2180,40,2.05,-0.95
2190,40,2.56,-0.91
2200,40,3.05,-0.92
2210,40,3.51,-0.97
2220,40,3.95,-1.02
2230,40,4.36,-1.03
2240,40,4.76,-1
2250,40,5.16,-0.97
2260,40,5.56,-0.95
2270,40,5.97,-0.97
2280,40,6.4,-1.01
2290,40,6.84,-1.04
2300,40,7.3,-1.07
1900,41,-7.17,-1.41
1910,41,-6.59,-1.43
1920,41,-5.99,-1.53
1930,41,-5.38,-1.66
1940,41,-4.76,-1.81
1950,41,-4.16,-1.95
1960,41,-3.57,-2.05
1970,41,-3,-2.14
1980,41,-2.43,-2.22
1990,41,-1.86,-2.29
2000,41,-1.28,-2.38
2010,41,-0.7,-2.49
2020,41,-0.1,-2.61
2030,41,0.51,-2.75
2040,41,1.13,-2.88
2050,41,1.79,-3
2060,41,2.47,-3.07
2070,41,3.17,-3.12
2080,41,3.88,-3.13
2090,41,4.59,-3.12
2100,41,5.29,-3.09
2110,41,5.97,-3.05
2120,41,6.63,-3
2130,41,7.26,-2.96
1900,42,-7.31,-1.04
1910,42,-6.7,-1.04
1920,42,-6.08,-1.09
1930,42,-5.46,-1.18
1940,42,-4.85,-1.3
1950,42,-4.24,-1.43
1960,42,-3.64,-1.57
1970,42,-3.06,-1.7
1980,42,-2.47,-1.82
1990,42,-1.88,-1.91
2000,42,-1.28,-1.98
2010,42,-0.68,-2.05
2020,42,-0.08,-2.13
2030,42,0.49,-2.23
2040,42,1.07,-2.35
2050,42,1.68,-2.46
2060,42,2.33,-2.53
2070,42,3.02,-2.57
2080,42,3.71,-2.58
2090,42,4.38,-2.57
2100,42,5.03,-2.55
2110,42,5.67,-2.51
2120,42,6.3,-2.46
2130,42,6.94,-2.39
1910,43,-7.24,-0.33
1920,43,-6.91,-0.28
1930,43,-6.57,-0.27
1940,43,-6.21,-0.28
1950,43,-5.85,-0.33
1960,43,-5.49,-0.4
1970,43,-5.13,-0.49
1980,43,-4.78,-0.6
1990,43,-4.45,-0.72
2000,43,-4.12,-0.82
2010,43,-3.8,-0.88
2020,43,-3.47,-0.89
2030,43,-3.14,-0.89
2040,43,-2.79,-0.89
2050,43,-2.41,-0.94
2060,43,-2.01,-1.03
2070,43,-1.59,-1.16
2080,43,-1.18,-1.32
2090,43,-0.76,-1.5
2100,43,-0.36,-1.67
2110,43,0.05,-1.82
2120,43,0.46,-1.92
2130,43,0.88,-1.98
2140,43,1.3,-2.02
2150,43,1.73,-2.06
2160,43,2.15,-2.11
2170,43,2.57,-2.16
2180,43,2.99,-2.21
2190,43,3.38,-2.26
2200,43,3.77,-2.3
2210,43,4.16,-2.34
2220,43,4.55,-2.37
2230,43,4.96,-2.4
2240,43,5.37,-2.43
2250,43,5.78,-2.45
2260,43,6.19,-2.47
2270,43,6.59,-2.48
2280,43,6.96,-2.48
2290,43,7.32,-2.47
1920,44,-7.25,0.2
1930,44,-6.91,0.14
1940,44,-6.56,0.13
1950,44,-6.2,0.15
1960,44,-5.83,0.18
1970,44,-5.46,0.2
1980,44,-5.07,0.22
1990,44,-4.68,0.2
2000,44,-4.28,0.15
2010,44,-3.89,0.08
2020,44,-3.52,-0.01
2030,44,-3.17,-0.11
2040,44,-2.83,-0.22
2050,44,-2.49,-0.33
2060,44,-2.12,-0.46
2070,44,-1.72,-0.59
2080,44,-1.32,-0.75
2090,44,-0.91,-0.93
2100,44,-0.52,-1.14
2110,44,-0.15,-1.34
2120,44,0.16,-1.48
2130,44,0.44,-1.56
2140,44,0.77,-1.6
2150,44,1.21,-1.63
2160,44,1.7,-1.63
2170,44,2.17,-1.61
2180,44,2.6,-1.58
2190,44,3.02,-1.56
2200,44,3.46,-1.55
2210,44,3.92,-1.55
2220,44,4.39,-1.55
2230,44,4.85,-1.55
2240,44,5.3,-1.55
2250,44,5.75,-1.55
2260,44,6.18,-1.56
2270,44,6.59,-1.57
2280,44,7,-1.61
2290,44,7.39,-1.67
1920,45,-6.83,-6.24
1930,45,-6.85,-5.72
1940,45,-6.9,-5.23
1950,45,-7.03,-4.8
1960,45,-7.16,-4.38
1970,45,-7.29,-3.97
1980,45,-7.44,-3.6
1990,45,-7.59,-3.22
1960,46,-7.04,-1.02
1970,46,-6.61,-0.9
1980,46,-6.2,-0.85
1990,46,-5.8,-0.85
2000,46,-5.41,-0.88
2010,46,-5.02,-0.9
2020,46,-4.64,-0.91
2030,46,-4.29,-0.85
2040,46,-3.99,-0.72
2050,46,-3.68,-0.53
2060,46,-3.34,-0.34
2070,46,-2.95,-0.14
2080,46,-2.55,0.05
2090,46,-2.14,0.23
2100,46,-1.7,0.37
2110,46,-1.23,0.44
2120,46,-0.76,0.46
2130,46,-0.34,0.44
2140,46,0.06,0.38
2150,46,0.5,0.29
2160,46,0.97,0.18
2170,46,1.45,0.09
2180,46,1.93,0.05
2190,46,2.42,0.05
2200,46,2.94,0.09
2210,46,3.47,0.18
2220,46,3.98,0.35
2230,46,4.48,0.58
2240,46,4.95,0.8
2250,46,5.39,1
2260,46,5.82,1.15
2270,46,6.26,1.25
2280,46,6.75,1.29
2290,46,7.3,1.27
1930,47,-6,-6.58
1940,47,-6.01,-5.97
1950,47,-6.04,-5.5
1960,47,-6.09,-5.11
1970,47,-6.17,-4.76
1980,47,-6.29,-4.39
1990,47,-6.44,-3.97
2000,47,-6.62,-3.5
2010,47,-6.82,-3.07
2020,47,-7.03,-2.7
2030,47,-7.22,-2.38
2040,47,-7.39,-2.08
2050,47,-7.54,-1.76
2060,47,-7.64,-1.39
1920,48,-5.28,-6.76
1930,48,-5.32,-6.26
1940,48,-5.34,-5.72
1950,48,-5.37,-5.18
1960,48,-5.44,-4.64
1970,48,-5.56,-4.13
1980,48,-5.76,-3.68
1990,48,-6.02,-3.27
2000,48,-6.27,-2.89
2010,48,-6.48,-2.53
2020,48,-6.64,-2.16
2030,48,-6.76,-1.8
2040,48,-6.89,-1.45
2050,48,-7.02,-1.11
2060,48,-7.15,-0.78
2070,48,-7.28,-0.47
2080,48,-7.41,-0.18
2090,48,-7.53,0.09
2100,48,-7.64,0.34
1980,49,-7.18,-1.66
1990,49,-6.61,-1.68
2000,49,-6.03,-1.75
2010,49,-5.45,-1.87
2020,49,-4.87,-2.01
2030,49,-4.3,-2.12
2040,49,-3.75,-2.22
2050,49,-3.17,-2.29
2060,49,-2.57,-2.35
2070,49,-1.95,-2.39
2080,49,-1.35,-2.42
2090,49,-0.77,-2.43
2100,49,-0.19,-2.46
2110,49,0.41,-2.53
2120,49,1.03,-2.63
2130,49,1.66,-2.72
2140,49,2.29,-2.78
2150,49,2.9,-2.79
2160,49,3.52,-2.79
2170,49,4.12,-2.8
2180,49,4.74,-2.82
2190,49,5.36,-2.83
2200,49,5.99,-2.82
2210,49,6.63,-2.77
2220,49,7.31,-2.68
1990,50,7.13,-1.44
2000,50,6.69,-1.52
2010,50,6.17,-1.57
2020,50,5.61,-1.55
2030,50,5.05,-1.47
2040,50,4.52,-1.31
2050,50,4.01,-1.13
2060,50,3.5,-0.96
2070,50,3.01,-0.84
2080,50,2.52,-0.75
2090,50,2.06,-0.67
2100,50,1.61,-0.59
2110,50,1.16,-0.48
2120,50,0.68,-0.34
2130,50,0.2,-0.19
2140,50,-0.29,-0.07
2150,50,-0.79,-0.02
2160,50,-1.29,-0.02
2170,50,-1.79,-0.05
2180,50,-2.31,-0.11
2190,50,-2.85,-0.19
2200,50,-3.42,-0.3
2210,50,-4.01,-0.42
2220,50,-4.61,-0.56
2230,50,-5.19,-0.72
2240,50,-5.76,-0.88
2250,50,-6.31,-1.04
2260,50,-6.85,-1.18
2270,50,-7.41,-1.3
1990,51,6.98,-1.93
2000,51,6.42,-1.89
2010,51,5.86,-1.81
2020,51,5.3,-1.7
2030,51,4.76,-1.59
2040,51,4.24,-1.51
2050,51,3.74,-1.46
2060,51,3.25,-1.42
2070,51,2.79,-1.38
2080,51,2.35,-1.33
2090,51,1.94,-1.26
2100,51,1.56,-1.12
2110,51,1.19,-0.9
2120,51,0.85,-0.64
2130,51,0.54,-0.5
2140,51,0.14,-0.42
2150,51,-0.4,-0.37
2160,51,-1,-0.4
2170,51,-1.59,-0.53
2180,51,-2.18,-0.68
2190,51,-2.76,-0.76
2200,51,-3.34,-0.79
2210,51,-3.95,-0.84
2220,51,-4.58,-0.96
2230,51,-5.21,-1.14
2240,51,-5.83,-1.32
2250,51,-6.43,-1.49
2260,51,-7.02,-1.63
2270,51,-7.62,-1.76
2020,52,7.23,0.14
2030,52,6.68,0.2
2040,52,6.12,0.19
2050,52,5.54,0.13
2060,52,4.94,0.07
2070,52,4.34,0.03
2080,52,3.74,0.04
2090,52,3.17,0.14
2100,52,2.65,0.34
2110,52,2.18,0.57
2120,52,1.76,0.79
2130,52,1.33,0.97
2140,52,0.87,1.08
2150,52,0.41,1.09
2160,52,-0.03,1
2170,52,-0.5,0.87
2180,52,-1.01,0.76
2190,52,-1.58,0.68
2200,52,-2.18,0.64
2210,52,-2.79,0.63
2220,52,-3.42,0.65
2230,52,-4.05,0.68
2240,52,-4.69,0.71
2250,52,-5.31,0.73
2260,52,-5.91,0.75
2270,52,-6.49,0.76
2280,52,-7.03,0.76
2290,52,-7.53,0.74
2490,53,-7.2,-2.36
2500,53,-6.49,-2.34
2510,53,-5.8,-2.32
2520,53,-5.12,-2.29
2530,53,-4.45,-2.26
2540,53,-3.79,-2.22
2550,53,-3.12,-2.18
2560,53,-2.45,-2.14
2570,53,-1.77,-2.1
2580,53,-1.08,-2.07
2590,53,-0.39,-2.05
2600,53,0.31,-2.03
2610,53,1,-2.03
2620,53,1.68,-2.05
2630,53,2.37,-2.08
2640,53,3.04,-2.13
2650,53,3.72,-2.17
2660,53,4.39,-2.22
2670,53,5.06,-2.27
2680,53,5.72,-2.31
2690,53,6.39,-2.33
2700,53,7.05,-2.35
2680,54,7.41,-1.12
2690,54,6.9,-1.07
2700,54,6.33,-1.01
2710,54,5.73,-0.95
2720,54,5.1,-0.9
2730,54,4.47,-0.86
2740,54,3.84,-0.84
2750,54,3.24,-0.84
2760,54,2.66,-0.86
2770,54,2.1,-0.89
2780,54,1.55,-0.92
2790,54,0.98,-0.94
2800,54,0.41,-0.96
2810,54,-0.16,-0.99
2820,54,-0.72,-1.04
2830,54,-1.25,-1.13
2840,54,-1.75,-1.27
2850,54,-2.25,-1.43
2860,54,-2.74,-1.6
2870,54,-3.26,-1.77
2880,54,-3.8,-1.91
2890,54,-4.36,-2.01
2900,54,-4.93,-2.09
2910,54,-5.51,-2.13
2920,54,-6.08,-2.15
2930,54,-6.66,-2.17
2940,54,-7.24,-2.18
2720,55,-7.35,1.49
2730,55,-7.05,1.31
2740,55,-6.81,1.13
2750,55,-6.62,0.94
2760,55,-6.46,0.74
2770,55,-6.3,0.54
2780,55,-6.12,0.33
2790,55,-5.9,0.12
2800,55,-5.63,-0.1
2810,55,-5.34,-0.3
2820,55,-5.05,-0.47
2830,55,-4.8,-0.57
2840,55,-4.62,-0.62
2850,55,-4.5,-0.64
2860,55,-4.44,-0.67
2870,55,-4.44,-0.7
2880,55,-4.5,-0.73
2890,55,-4.62,-0.73
2900,55,-4.81,-0.69
2910,55,-5.06,-0.58
2920,55,-5.37,-0.39
2930,55,-5.74,-0.12
2940,55,-6.12,0.18
2950,55,-6.48,0.46
2960,55,-6.81,0.73
2970,55,-7.09,0.98
2980,55,-7.32,1.23
2990,55,-7.5,1.49
3000,55,-7.61,1.78
2790,56,-7.05,2.4
2800,56,-7.06,2
2810,56,-6.95,1.63
2820,56,-6.72,1.31
2830,56,-6.41,1.03
2840,56,-6.02,0.81
2850,56,-5.58,0.64
2860,56,-5.11,0.53
2870,56,-4.65,0.47
2880,56,-4.23,0.43
2890,56,-3.91,0.41
2900,56,-3.7,0.37
2910,56,-3.58,0.33
2920,56,-3.5,0.3
2930,56,-3.42,0.26
2940,56,-3.34,0.23
2950,56,-3.28,0.21
2960,56,-3.21,0.19
2970,56,-3.15,0.18
2980,56,-3.1,0.16
2990,56,-3.05,0.15
3000,56,-3.01,0.15
3010,56,-2.97,0.15
3020,56,-2.94,0.15
3030,56,-2.92,0.15
3040,56,-2.89,0.15
3050,56,-2.88,0.16
3060,56,-2.87,0.17
3070,56,-2.86,0.18
3080,56,-2.86,0.19
3090,56,-2.87,0.2
3100,56,-2.88,0.21
3110,56,-2.9,0.22
3120,56,-2.92,0.23
3130,56,-2.95,0.24
3140,56,-2.98,0.25
3150,56,-3.02,0.26
3160,56,-3.07,0.27
3170,56,-3.12,0.28
3180,56,-3.18,0.28
3190,56,-3.24,0.29
3200,56,-3.31,0.29
3210,56,-3.38,0.29
3220,56,-3.46,0.28
3230,56,-3.54,0.28
3240,56,-3.62,0.27
3250,56,-3.7,0.27
3260,56,-3.78,0.26
3270,56,-3.86,0.25
3280,56,-3.93,0.25
3290,56,-3.99,0.24
3300,56,-4.05,0.23
3310,56,-4.11,0.23
3320,56,-4.15,0.22
3330,56,-4.18,0.22
3340,56,-4.2,0.22
3350,56,-4.21,0.22
3360,56,-4.2,0.22
3370,56,-4.17,0.22
3380,56,-4.13,0.23
3390,56,-4.07,0.24
3400,56,-3.99,0.25
3410,56,-3.89,0.27
3420,56,-3.77,0.29
3430,56,-3.63,0.32
3440,56,-3.46,0.35
3450,56,-3.26,0.37
3460,56,-3.04,0.39
3470,56,-2.8,0.37
3480,56,-2.53,0.32
3490,56,-2.23,0.26
3500,56,-1.89,0.19
3510,56,-1.51,0.12
3520,56,-1.08,0.08
3530,56,-0.61,0.05
3540,56,-0.12,0.03
3550,56,0.38,0.01
3560,56,0.87,-0.03
3570,56,1.34,-0.1
3580,56,1.79,-0.19
3590,56,2.23,-0.28
3600,56,2.68,-0.37
3610,56,3.14,-0.44
3620,56,3.62,-0.51
3630,56,4.11,-0.56
3640,56,4.61,-0.62
3650,56,5.13,-0.67
3660,56,5.66,-0.73
3670,56,6.2,-0.8
3680,56,6.75,-0.88
3690,56,7.31,-0.98
2890,57,7.44,-1.24
2900,57,6.84,-1.17
2910,57,6.23,-1.08
2920,57,5.61,-0.98
2930,57,5,-0.88
2940,57,4.4,-0.79
2950,57,3.82,-0.72
2960,57,3.26,-0.68
2970,57,2.72,-0.66
2980,57,2.18,-0.67
2990,57,1.65,-0.69
3000,57,1.11,-0.73
3010,57,0.56,-0.79
3020,57,0,-0.86
3030,57,-0.58,-0.94
3040,57,-1.17,-1.01
3050,57,-1.74,-1.08
3060,57,-2.3,-1.11
3070,57,-2.83,-1.13
3080,57,-3.36,-1.11
3090,57,-3.87,-1.08
3100,57,-4.37,-1.02
3110,57,-4.87,-0.96
3120,57,-5.37,-0.9
3130,57,-5.88,-0.85
3140,57,-6.38,-0.82
3150,57,-6.89,-0.83
3160,57,-7.41,-0.88
2900,58,7.05,-2.03
2910,58,6.46,-1.96
2920,58,5.86,-1.87
2930,58,5.27,-1.76
2940,58,4.67,-1.65
2950,58,4.08,-1.54
2960,58,3.49,-1.45
2970,58,2.91,-1.38
2980,58,2.34,-1.35
2990,58,1.76,-1.34
3000,58,1.18,-1.36
3010,58,0.59,-1.4
3020,58,0.01,-1.46
3030,58,-0.55,-1.52
3040,58,-1.1,-1.58
3050,58,-1.63,-1.64
3060,58,-2.15,-1.7
3070,58,-2.66,-1.76
3080,58,-3.17,-1.8
3090,58,-3.67,-1.79
3100,58,-4.18,-1.69
3110,58,-4.68,-1.55
3120,58,-5.2,-1.45
3130,58,-5.72,-1.46
3140,58,-6.25,-1.53
3150,58,-6.77,-1.59
3160,58,-7.29,-1.58
2990,59,7.1,0.93
3000,59,6.66,0.73
3010,59,6.2,0.57
3020,59,5.71,0.44
3030,59,5.21,0.34
3040,59,4.69,0.26
3050,59,4.17,0.19
3060,59,3.63,0.14
3070,59,3.09,0.1
3080,59,2.55,0.08
3090,59,2.01,0.05
3100,59,1.49,0.02
3110,59,0.98,-0.03
3120,59,0.48,-0.1
3130,59,-0.01,-0.19
3140,59,-0.48,-0.3
3150,59,-0.94,-0.43
3160,59,-1.41,-0.57
3170,59,-1.87,-0.71
3180,59,-2.34,-0.84
3190,59,-2.83,-0.96
3200,59,-3.33,-1.07
3210,59,-3.85,-1.18
3220,59,-4.4,-1.29
3230,59,-4.95,-1.39
3240,59,-5.5,-1.49
3250,59,-6.04,-1.57
3260,59,-6.56,-1.64
3270,59,-7.06,-1.68
3280,59,-7.52,-1.7
2980,60,7.44,-1.46
2990,60,6.84,-1.47
3000,60,6.22,-1.49
3010,60,5.58,-1.52
3020,60,4.95,-1.54
3030,60,4.31,-1.58
3040,60,3.69,-1.62
3050,60,3.09,-1.66
3060,60,2.5,-1.7
3070,60,1.89,-1.72
3080,60,1.27,-1.73
3090,60,0.64,-1.71
3100,60,0.03,-1.66
3110,60,-0.56,-1.59
3120,60,-1.12,-1.51
3130,60,-1.66,-1.44
3140,60,-2.2,-1.37
3150,60,-2.73,-1.32
3160,60,-3.27,-1.3
3170,60,-3.82,-1.31
3180,60,-4.37,-1.35
3190,60,-4.92,-1.4
3200,60,-5.48,-1.46
3210,60,-6.03,-1.5
3220,60,-6.57,-1.5
3230,60,-7.1,-1.45
2980,61,7.16,-2.37
2990,61,6.52,-2.37
3000,61,5.9,-2.37
3010,61,5.29,-2.37
3020,61,4.7,-2.36
3030,61,4.13,-2.36
3040,61,3.58,-2.37
3050,61,3.06,-2.38
3060,61,2.56,-2.41
3070,61,2.06,-2.43
3080,61,1.52,-2.44
3090,61,0.92,-2.44
3100,61,0.32,-2.45
3110,61,-0.25,-2.46
3120,61,-0.8,-2.43
3130,61,-1.35,-2.34
3140,61,-1.88,-2.19
3150,61,-2.42,-2.03
3160,61,-2.95,-1.9
3170,61,-3.52,-1.87
3180,61,-4.13,-1.92
3190,61,-4.74,-2.02
3200,61,-5.34,-2.09
3210,61,-5.93,-2.14
3220,61,-6.49,-2.16
3230,61,-7.04,-2.14
3030,62,-7.19,0.55
3040,62,-6.68,0.55
3050,62,-6.26,0.49
3060,62,-6.05,0.51
3070,62,-6.13,0.75
3080,62,-6.4,1.14
3090,62,-6.61,1.46
3100,62,-6.75,1.7
3110,62,-6.84,1.88
3120,62,-6.88,2.02
3130,62,-6.89,2.14
3140,62,-6.89,2.26
3150,62,-6.9,2.4
3160,62,-6.92,2.58
3170,62,-6.98,2.82
3180,62,-7.09,3.15
3060,63,-7.26,-1.66
3070,63,-6.8,-1.75
3080,63,-6.33,-1.86
3090,63,-5.86,-1.98
3100,63,-5.4,-2.08
3110,63,-4.98,-2.17
3120,63,-4.59,-2.23
3130,63,-4.23,-2.27
3140,63,-3.9,-2.31
3150,63,-3.54,-2.34
3160,63,-3.13,-2.36
3170,63,-2.64,-2.35
3180,63,-2.08,-2.27
3190,63,-1.49,-2.14
3200,63,-0.9,-2.02
3210,63,-0.34,-1.93
3220,63,0.19,-1.88
3230,63,0.71,-1.85
3240,63,1.25,-1.83
3250,63,1.81,-1.82
3260,63,2.38,-1.83
3270,63,2.96,-1.84
3280,63,3.53,-1.87
3290,63,4.11,-1.91
3300,63,4.68,-1.94
3310,63,5.25,-1.97
3320,63,5.81,-1.97
3330,63,6.37,-1.95
3340,63,6.92,-1.89
3350,63,7.46,-1.78
3060,64,-7.18,-2.18
3070,64,-6.69,-2.21
3080,64,-6.22,-2.33
3090,64,-5.75,-2.45
3100,64,-5.27,-2.51
3110,64,-4.78,-2.54
3120,64,-4.28,-2.56
3130,64,-3.79,-2.6
3140,64,-3.31,-2.64
3150,64,-2.85,-2.68
3160,64,-2.44,-2.69
3170,64,-2.04,-2.68
3180,64,-1.63,-2.65
3190,64,-1.17,-2.61
3200,64,-0.67,-2.57
3210,64,-0.14,-2.53
3220,64,0.41,-2.5
3230,64,0.96,-2.48
3240,64,1.51,-2.46
3250,64,2.08,-2.46
3260,64,2.65,-2.47
3270,64,3.23,-2.49
3280,64,3.81,-2.52
3290,64,4.38,-2.55
3300,64,4.94,-2.59
3310,64,5.5,-2.62
3320,64,6.05,-2.64
3330,64,6.59,-2.64
3340,64,7.12,-2.62
3150,65,-7.14,0.75
3160,65,-6.68,0.95
3170,65,-6.28,1.05
3180,65,-5.92,1.11
3190,65,-5.59,1.14
3200,65,-5.24,1.17
3210,65,-4.88,1.19
3220,65,-4.48,1.19
3230,65,-4.05,1.16
3240,65,-3.6,1.11
3250,65,-3.15,1.05
3260,65,-2.69,0.98
3270,65,-2.23,0.93
3280,65,-1.75,0.89
3290,65,-1.24,0.86
3300,65,-0.72,0.84
3310,65,-0.19,0.81
3320,65,0.33,0.75
3330,65,0.85,0.66
3340,65,1.37,0.55
3350,65,1.91,0.46
3360,65,2.46,0.39
3370,65,3.01,0.34
3380,65,3.54,0.33
3390,65,4.05,0.38
3400,65,4.55,0.55
3410,65,5.04,0.85
3420,65,5.51,1.18
3430,65,5.96,1.41
3440,65,6.4,1.51
3450,65,6.83,1.53
3460,65,7.27,1.54
3190,66,-6.39,-6.4
3200,66,-6.53,-5.65
3210,66,-6.55,-4.83
3220,66,-6.46,-4.05
3230,66,-6.3,-3.42
3240,66,-6.08,-3.03
3250,66,-5.74,-2.81
3260,66,-5.24,-2.66
3270,66,-4.65,-2.59
3280,66,-4.03,-2.56
3290,66,-3.46,-2.55
3300,66,-2.91,-2.6
3310,66,-2.35,-2.71
3320,66,-1.84,-2.84
3330,66,-1.41,-2.96
3340,66,-1.04,-3.02
3350,66,-0.63,-3.04
3360,66,-0.19,-2.95
3370,66,0.2,-2.71
3380,66,0.54,-2.45
3390,66,0.83,-2.33
3400,66,1.09,-2.36
3410,66,1.3,-2.4
3420,66,1.46,-2.42
3430,66,1.59,-2.43
3440,66,1.67,-2.42
3450,66,1.72,-2.41
3460,66,1.75,-2.38
3470,66,1.74,-2.35
3480,66,1.72,-2.32
3490,66,1.68,-2.29
3500,66,1.62,-2.26
3510,66,1.56,-2.24
3520,66,1.49,-2.22
3530,66,1.41,-2.22
3540,66,1.34,-2.23
3550,66,1.28,-2.25
3560,66,1.23,-2.3
3570,66,1.19,-2.36
3580,66,1.17,-2.45
3590,66,1.17,-2.57
3600,66,1.22,-2.71
3610,66,1.42,-2.85
3620,66,1.86,-2.97
3630,66,2.48,-3.05
3640,66,3.11,-3.07
3650,66,3.71,-3.04
3660,66,4.29,-2.97
3670,66,4.84,-2.89
3680,66,5.37,-2.8
3690,66,5.89,-2.7
3700,66,6.42,-2.61
3710,66,6.96,-2.53
3210,67,-4.54,-3.7
3220,67,-4.68,-3.29
3230,67,-4.82,-2.89
3240,67,-4.97,-2.46
3250,67,-5.14,-1.97
3260,67,-5.33,-1.49
3270,67,-5.67,-1.07
3280,67,-6.01,-0.65
3290,67,-6.4,-0.34
3300,67,-6.81,-0.07
3310,67,-7.22,0.2
3320,67,-7.62,0.47
3270,68,-7.04,-2.59
3280,68,-6.54,-2.53
3290,68,-6.05,-2.48
3300,68,-5.57,-2.42
3310,68,-5.07,-2.37
3320,68,-4.56,-2.31
3330,68,-4.04,-2.24
3340,68,-3.51,-2.16
3350,68,-2.99,-2.06
3360,68,-2.48,-1.95
3370,68,-1.98,-1.84
3380,68,-1.47,-1.74
3390,68,-0.95,-1.67
3400,68,-0.41,-1.6
3410,68,0.12,-1.54
3420,68,0.65,-1.48
3430,68,1.18,-1.41
3440,68,1.71,-1.36
3450,68,2.25,-1.34
3460,68,2.83,-1.36
3470,68,3.41,-1.41
3480,68,4,-1.47
3490,68,4.57,-1.53
3500,68,5.12,-1.58
3510,68,5.67,-1.6
3520,68,6.25,-1.6
3530,68,6.87,-1.58
3270,69,-7.22,-2.96
3280,69,-6.72,-2.93
3290,69,-6.22,-2.87
3300,69,-5.72,-2.79
3310,69,-5.22,-2.71
3320,69,-4.71,-2.64
3330,69,-4.19,-2.61
3340,69,-3.67,-2.59
3350,69,-3.14,-2.58
3360,69,-2.6,-2.56
3370,69,-2.07,-2.51
3380,69,-1.54,-2.42
3390,69,-1.02,-2.31
3400,69,-0.5,-2.17
3410,69,0.02,-2.03
3420,69,0.55,-1.94
3430,69,1.1,-1.91
3440,69,1.66,-1.94
3450,69,2.23,-1.97
3460,69,2.78,-1.97
3470,69,3.33,-1.97
3480,69,3.89,-1.98
3490,69,4.47,-2.01
3500,69,5.06,-2.05
3510,69,5.66,-2.09
3520,69,6.26,-2.11
3530,69,6.84,-2.1
3540,69,7.41,-2.05
3370,70,-7.4,2.37
3380,70,-7.14,2.16
3390,70,-6.87,1.87
3400,70,-6.58,1.53
3410,70,-6.27,1.19
3420,70,-5.94,0.91
3430,70,-5.59,0.7
3440,70,-5.21,0.53
3450,70,-4.81,0.35
3460,70,-4.38,0.13
3470,70,-3.93,-0.1
3480,70,-3.47,-0.27
3490,70,-3.02,-0.37
3500,70,-2.56,-0.43
3510,70,-2.08,-0.5
3520,70,-1.57,-0.6
3530,70,-1.05,-0.72
3540,70,-0.52,-0.85
3550,70,0.02,-0.96
3560,70,0.56,-1.07
3570,70,1.1,-1.16
3580,70,1.64,-1.25
3590,70,2.18,-1.34
3600,70,2.72,-1.43
3610,70,3.26,-1.52
3620,70,3.8,-1.62
3630,70,4.34,-1.71
3640,70,4.88,-1.8
3650,70,5.44,-1.88
3660,70,5.99,-1.94
3670,70,6.54,-1.99
3680,70,7.09,-2.01
3400,71,-7.37,-2.16
3410,71,-6.75,-2
3420,71,-6.11,-1.86
3430,71,-5.47,-1.75
3440,71,-4.83,-1.65
3450,71,-4.18,-1.55
3460,71,-3.53,-1.46
3470,71,-2.87,-1.36
3480,71,-2.21,-1.28
3490,71,-1.54,-1.22
3500,71,-0.88,-1.17
3510,71,-0.23,-1.09
3520,71,0.39,-0.99
3530,71,0.98,-0.84
3540,71,1.56,-0.67
3550,71,2.13,-0.49
3560,71,2.69,-0.29
3570,71,3.23,-0.06
3580,71,3.73,0.23
3590,71,4.16,0.6
3600,71,4.52,1.03
3610,71,4.81,1.48
3620,71,5.04,1.93
3630,71,5.21,2.38
3640,71,5.36,2.82
3650,71,5.51,3.27
3660,71,5.66,3.72
3670,71,5.81,4.17
3680,71,5.95,4.6
3690,71,6.08,5.03
3700,71,6.19,5.45
3630,72,7.39,3.09
3640,72,7.16,3.12
3650,72,6.95,3.06
3660,72,6.77,2.91
3670,72,6.61,2.72
3680,72,6.45,2.5
3690,72,6.3,2.28
3700,72,6.14,2.05
3710,72,5.96,1.82
3720,72,5.75,1.57
3730,72,5.47,1.27
3740,72,5.15,0.95
3750,72,4.77,0.63
3760,72,4.37,0.33
3770,72,3.94,0.09
3780,72,3.48,-0.07
3790,72,2.98,-0.14
3800,72,2.46,-0.11
3810,72,1.94,-0.06
3820,72,1.44,-0.03
3830,72,0.95,-0.03
3840,72,0.46,-0.03
3850,72,-0.07,0
3990,72,-7.19,0.71
3990,73,-7.35,-1.49
4000,73,-6.76,-1.44
4010,73,-6.2,-1.4
4020,73,-5.66,-1.38
4030,73,-5.13,-1.37
4040,73,-4.61,-1.37
4050,73,-4.08,-1.36
4060,73,-3.53,-1.36
4070,73,-2.97,-1.34
4080,73,-2.39,-1.33
4090,73,-1.8,-1.32
4100,73,-1.19,-1.31
4110,73,-0.57,-1.29
4120,73,0.05,-1.27
4130,73,0.65,-1.22
4140,73,1.23,-1.15
4150,73,1.78,-1.04
4160,73,2.32,-0.91
4170,73,2.84,-0.77
4180,73,3.36,-0.61
4190,73,3.88,-0.46
4200,73,4.4,-0.31
4210,73,4.92,-0.19
4220,73,5.43,-0.1
4230,73,5.95,-0.07
4240,73,6.47,-0.1
4250,73,6.99,-0.21
4260,73,7.51,-0.4
4040,74,7.11,1.14
4050,74,6.75,1.1
4060,74,6.41,1.07
4070,74,6.08,1.04
4080,74,5.76,0.99
4090,74,5.44,0.91
4100,74,5.11,0.78
4110,74,4.77,0.62
4120,74,4.43,0.45
4130,74,4.1,0.3
4140,74,3.78,0.18
4150,74,3.46,0.1
4160,74,3.13,0.1
4170,74,2.81,0.15
4180,74,2.48,0.22
4190,74,2.16,0.3
4200,74,1.83,0.36
4210,74,1.5,0.41
4220,74,1.16,0.45
4230,74,0.81,0.48
4240,74,0.47,0.49
4250,74,0.15,0.48
4260,74,-0.15,0.44
4270,74,-0.44,0.37
4280,74,-0.74,0.3
4290,74,-1.06,0.23
4300,74,-1.4,0.17
4310,74,-1.74,0.14
4320,74,-2.07,0.15
4330,74,-2.4,0.19
4340,74,-2.72,0.24
4350,74,-3.07,0.27
4360,74,-3.43,0.28
4370,74,-3.8,0.28
4380,74,-4.18,0.27
4390,74,-4.55,0.26
4400,74,-4.9,0.25
4410,74,-5.25,0.25
4420,74,-5.58,0.25
4430,74,-5.91,0.24
4440,74,-6.23,0.23
4450,74,-6.55,0.22
4460,74,-6.86,0.2
4470,74,-7.17,0.17
4480,74,-7.49,0.12
4120,75,7.25,-2.08
4130,75,6.62,-2.13
4140,75,6.01,-2.16
4150,75,5.4,-2.18
4160,75,4.8,-2.18
4170,75,4.2,-2.18
4180,75,3.6,-2.17
4190,75,3,-2.17
4200,75,2.39,-2.17
4210,75,1.77,-2.14
4220,75,1.12,-2.08
4230,75,0.47,-2.01
4240,75,-0.16,-1.95
4250,75,-0.76,-1.92
4260,75,-1.33,-1.92
4270,75,-1.9,-1.93
4280,75,-2.49,-1.96
4290,75,-3.09,-2
4300,75,-3.69,-2.03
4310,75,-4.28,-2.06
4320,75,-4.85,-2.07
4330,75,-5.41,-2.07
4340,75,-5.96,-2.08
4350,75,-6.5,-2.1
4360,75,-7.04,-2.14
4120,76,7.19,-2.84
4130,76,6.58,-2.84
4140,76,6.01,-2.84
4150,76,5.45,-2.85
4160,76,4.88,-2.86
4170,76,4.3,-2.88
4180,76,3.67,-2.91
4190,76,3.01,-2.92
4200,76,2.33,-2.92
4210,76,1.67,-2.87
4220,76,1.03,-2.78
4230,76,0.42,-2.68
4240,76,-0.18,-2.61
4250,76,-0.76,-2.59
4260,76,-1.34,-2.6
4270,76,-1.93,-2.62
4280,76,-2.53,-2.63
4290,76,-3.15,-2.63
4300,76,-3.78,-2.61
4310,76,-4.39,-2.61
4320,76,-4.98,-2.61
4330,76,-5.56,-2.62
4340,76,-6.11,-2.64
4350,76,-6.65,-2.67
4360,76,-7.19,-2.7
4190,77,7.36,-1.09
4200,77,6.88,-1.14
4210,77,6.36,-1.17
4220,77,5.83,-1.17
4230,77,5.29,-1.15
4240,77,4.76,-1.09
4250,77,4.26,-1
4260,77,3.79,-0.88
4270,77,3.32,-0.74
4280,77,2.85,-0.6
4290,77,2.39,-0.46
4300,77,1.92,-0.33
4310,77,1.47,-0.2
4320,77,1.04,-0.09
4330,77,0.61,0.02
4340,77,0.17,0.12
4350,77,-0.29,0.22
4360,77,-0.77,0.33
4370,77,-1.25,0.44
4380,77,-1.7,0.53
4390,77,-2.11,0.62
4400,77,-2.51,0.69
4410,77,-2.9,0.76
4420,77,-3.32,0.83
4430,77,-3.77,0.91
4440,77,-4.23,0.98
4450,77,-4.66,1.04
4460,77,-5.06,1.09
4470,77,-5.44,1.15
4480,77,-5.8,1.22
4490,77,-6.15,1.31
4500,77,-6.48,1.41
4510,77,-6.8,1.54
4520,77,-7.08,1.67
4530,77,-7.33,1.82
4540,77,-7.52,1.98
4200,78,7.02,-1.94
4210,78,6.47,-1.91
4220,78,5.92,-1.86
4230,78,5.39,-1.8
4240,78,4.86,-1.73
4250,78,4.33,-1.66
4260,78,3.8,-1.6
4270,78,3.27,-1.55
4280,78,2.76,-1.49
4290,78,2.28,-1.42
4300,78,1.83,-1.32
4310,78,1.38,-1.21
4320,78,0.91,-1.1
4330,78,0.43,-0.99
4340,78,-0.07,-0.89
4350,78,-0.56,-0.79
4360,78,-1.03,-0.69
4370,78,-1.48,-0.6
4380,78,-1.92,-0.49
4390,78,-2.35,-0.35
4400,78,-2.78,-0.2
4410,78,-3.2,-0.04
4420,78,-3.61,0.1
4430,78,-3.99,0.19
4440,78,-4.37,0.27
4450,78,-4.74,0.35
4460,78,-5.13,0.44
4470,78,-5.52,0.56
4480,78,-5.93,0.68
4490,78,-6.33,0.8
4500,78,-6.72,0.92
4510,78,-7.08,1.05
4520,78,-7.41,1.18
4250,79,7.29,-2.06
4260,79,6.78,-2.02
4270,79,6.25,-1.92
4280,79,5.7,-1.78
4290,79,5.13,-1.6
4300,79,4.55,-1.41
4310,79,3.96,-1.21
4320,79,3.37,-1.01
4330,79,2.81,-0.8
4340,79,2.27,-0.57
4350,79,1.77,-0.31
4360,79,1.29,-0.02
4370,79,0.85,0.28
4380,79,0.4,0.57
4390,79,-0.07,0.84
4400,79,-0.57,1.04
4410,79,-1.04,1.18
4420,79,-1.47,1.27
4430,79,-1.92,1.32
4440,79,-2.43,1.33
4450,79,-2.96,1.32
4460,79,-3.45,1.31
4470,79,-3.86,1.32
4480,79,-4.21,1.33
4490,79,-4.52,1.34
4500,79,-4.8,1.34
4510,79,-5.07,1.33
4520,79,-5.36,1.3
4530,79,-5.68,1.25
4540,79,-6.03,1.17
4550,79,-6.39,1.09
4560,79,-6.76,0.98
4570,79,-7.11,0.88
4580,79,-7.44,0.76
4290,80,7.33,-1.23
4300,80,6.85,-1.13
4310,80,6.37,-1.02
4320,80,5.91,-0.92
4330,80,5.44,-0.81
4340,80,4.98,-0.69
4350,80,4.53,-0.56
4360,80,4.07,-0.42
4370,80,3.62,-0.28
4380,80,3.18,-0.15
4390,80,2.75,-0.03
4400,80,2.33,0.08
4410,80,1.91,0.17
4420,80,1.49,0.26
4430,80,1.07,0.34
4440,80,0.65,0.42
4450,80,0.23,0.49
4460,80,-0.19,0.55
4470,80,-0.61,0.62
4480,80,-1.02,0.69
4490,80,-1.43,0.78
4500,80,-1.83,0.88
4510,80,-2.22,0.99
4520,80,-2.6,1.09
4530,80,-2.96,1.17
4540,80,-3.31,1.22
4550,80,-3.64,1.23
4560,80,-3.95,1.24
4570,80,-4.25,1.24
4580,80,-4.53,1.25
4590,80,-4.8,1.27
4600,80,-5.07,1.3
4610,80,-5.36,1.32
4620,80,-5.65,1.35
4630,80,-5.95,1.4
4640,80,-6.25,1.49
4650,80,-6.53,1.65
4660,80,-6.8,1.85
4670,80,-7.04,2.08
4680,80,-7.24,2.33
4690,80,-7.39,2.57
4700,80,-7.5,2.79
4310,81,7.14,-1.85
4320,81,6.64,-1.79
4330,81,6.15,-1.71
4340,81,5.64,-1.61
4350,81,5.14,-1.5
4360,81,4.62,-1.39
4370,81,4.1,-1.28
4380,81,3.59,-1.18
4390,81,3.1,-1.11
4400,81,2.64,-1.06
4410,81,2.22,-1
4420,81,1.81,-0.91
4430,81,1.41,-0.77
4440,81,1.01,-0.59
4450,81,0.62,-0.42
4460,81,0.22,-0.28
4470,81,-0.18,-0.18
4480,81,-0.57,-0.1
4490,81,-0.93,0.01
4500,81,-1.26,0.13
4510,81,-1.58,0.27
4520,81,-1.89,0.41
4530,81,-2.21,0.52
4540,81,-2.53,0.63
4550,81,-2.86,0.72
4560,81,-3.18,0.82
4570,81,-3.5,0.91
4580,81,-3.81,1
4590,81,-4.11,1.05
4600,81,-4.39,1.06
4610,81,-4.66,1.05
4620,81,-4.9,1.05
4630,81,-5.13,1.07
4640,81,-5.37,1.1
4650,81,-5.64,1.12
4660,81,-5.96,1.13
4670,81,-6.32,1.14
4680,81,-6.68,1.18
4690,81,-7.03,1.3
4700,81,-7.33,1.5
4310,82,7.43,-1.34
4320,82,6.97,-1.2
4330,82,6.48,-1.13
4340,82,5.98,-1.09
4350,82,5.48,-1.07
4360,82,5,-1.03
4370,82,4.54,-0.96
4380,82,4.11,-0.82
4390,82,3.71,-0.63
4400,82,3.31,-0.42
4410,82,2.9,-0.21
4420,82,2.48,-0.02
4430,82,2.06,0.15
4440,82,1.64,0.27
4450,82,1.24,0.35
4460,82,0.84,0.42
4470,82,0.42,0.48
4480,82,-0.02,0.56
4490,82,-0.47,0.64
4500,82,-0.9,0.74
4510,82,-1.28,0.82
4520,82,-1.62,0.9
4530,82,-1.94,0.97
4540,82,-2.26,1.04
4550,82,-2.59,1.11
4560,82,-2.94,1.18
4570,82,-3.29,1.25
4580,82,-3.63,1.31
4590,82,-3.93,1.37
4600,82,-4.19,1.42
4610,82,-4.45,1.46
4620,82,-4.71,1.5
4630,82,-4.98,1.54
4640,82,-5.26,1.57
4650,82,-5.56,1.6
4660,82,-5.86,1.62
4670,82,-6.16,1.65
4680,82,-6.43,1.72
4690,82,-6.67,1.83
4700,82,-6.86,1.99
4710,82,-7,2.18
4720,82,-7.12,2.38
4730,82,-7.22,2.58
4740,82,-7.33,2.77
4750,82,-7.46,2.94
4510,83,-7.15,-1.68
4520,83,-6.67,-1.7
4530,83,-6.2,-1.7
4540,83,-5.71,-1.69
4550,83,-5.23,-1.68
4560,83,-4.73,-1.68
4570,83,-4.22,-1.7
4580,83,-3.7,-1.75
4590,83,-3.18,-1.79
4600,83,-2.65,-1.81
4610,83,-2.13,-1.76
4620,83,-1.62,-1.66
4630,83,-1.11,-1.52
4640,83,-0.6,-1.37
4650,83,-0.09,-1.24
4660,83,0.42,-1.14
4670,83,0.94,-1.06
4680,83,1.45,-1
4690,83,1.96,-0.96
4700,83,2.47,-0.92
4710,83,2.99,-0.88
4720,83,3.51,-0.82
4730,83,4.03,-0.74
4740,83,4.56,-0.65
4750,83,5.09,-0.57
4760,83,5.62,-0.51
4770,83,6.13,-0.49
4780,83,6.63,-0.52
4790,83,7.11,-0.61
4510,84,-7.45,2.86
4520,84,-7.4,2.77
4530,84,-7.33,2.67
4540,84,-7.26,2.54
4550,84,-7.18,2.4
4560,84,-7.1,2.24
4570,84,-7.02,2.06
4580,84,-6.95,1.85
4590,84,-6.89,1.61
4600,84,-6.85,1.38
4610,84,-6.84,1.17
4620,84,-6.87,0.99
4630,84,-6.94,0.83
4640,84,-7.07,0.69
4650,84,-7.27,0.56
4700,85,7.21,1.26
4710,85,6.71,1.18
4720,85,6.23,1.06
4730,85,5.75,0.91
4740,85,5.27,0.76
4750,85,4.79,0.6
4760,85,4.29,0.46
4770,85,3.77,0.36
4780,85,3.22,0.33
4790,85,2.67,0.36
4800,85,2.15,0.43
4810,85,1.68,0.52
4820,85,1.22,0.63
4830,85,0.77,0.75
4840,85,0.3,0.87
4850,85,-0.17,0.99
4860,85,-0.66,1.09
4870,85,-1.14,1.18
4880,85,-1.62,1.25
4890,85,-2.08,1.3
4900,85,-2.52,1.32
4910,85,-2.95,1.32
4920,85,-3.4,1.31
4930,85,-3.88,1.3
4940,85,-4.37,1.29
4950,85,-4.87,1.29
4960,85,-5.34,1.3
4970,85,-5.79,1.34
4980,85,-6.2,1.42
4990,85,-6.57,1.57
5000,85,-6.89,1.79
5010,85,-7.15,2.05
5020,85,-7.35,2.34
5030,85,-7.49,2.63
5040,85,-7.56,2.9
5050,85,-7.55,3.13
4790,86,6.93,-1.5
4800,86,6.29,-1.48
4810,86,5.65,-1.43
4820,86,5.01,-1.36
4830,86,4.38,-1.28
4840,86,3.76,-1.22
4850,86,3.16,-1.19
4860,86,2.58,-1.19
4870,86,2.01,-1.21
4880,86,1.44,-1.22
4890,86,0.87,-1.21
4900,86,0.28,-1.18
4910,86,-0.31,-1.14
4920,86,-0.89,-1.12
4930,86,-1.47,-1.13
4940,86,-2.03,-1.16
4950,86,-2.59,-1.19
4960,86,-3.16,-1.19
4970,86,-3.74,-1.16
4980,86,-4.32,-1.1
4990,86,-4.91,-1.05
5000,86,-5.51,-1.01
5010,86,-6.1,-1.02
5020,86,-6.7,-1.07
5030,86,-7.3,-1.21
4860,87,-7.25,-2.77
4870,87,-6.83,-2.87
4880,87,-6.45,-2.91
4890,87,-6.07,-2.91
4900,87,-5.7,-2.89
4910,87,-5.31,-2.86
4920,87,-4.9,-2.83
4930,87,-4.44,-2.8
4940,87,-3.96,-2.8
4950,87,-3.48,-2.81
4960,87,-3.02,-2.84
4970,87,-2.59,-2.88
4980,87,-2.15,-2.91
4990,87,-1.69,-2.91
5000,87,-1.21,-2.87
5010,87,-0.7,-2.81
5020,87,-0.19,-2.76
5030,87,0.32,-2.75
5040,87,0.81,-2.78
5050,87,1.31,-2.84
5060,87,1.81,-2.91
5070,87,2.31,-2.96
5080,87,2.82,-3
5090,87,3.34,-3.02
5100,87,3.85,-3.03
5110,87,4.35,-3.04
5120,87,4.84,-3.04
5130,87,5.32,-3.05
5140,87,5.79,-3.06
5150,87,6.27,-3.06
5160,87,6.76,-3.07
5170,87,7.26,-3.08
4870,88,-7.3,-1.43
4880,88,-6.8,-1.39
4890,88,-6.34,-1.34
4900,88,-5.9,-1.3
4910,88,-5.47,-1.29
4920,88,-5.04,-1.3
4930,88,-4.62,-1.35
4940,88,-4.19,-1.46
4950,88,-3.79,-1.6
4960,88,-3.43,-1.74
4970,88,-3.05,-1.79
4980,88,-2.62,-1.72
4990,88,-2.11,-1.62
5000,88,-1.54,-1.56
5010,88,-0.95,-1.53
5020,88,-0.39,-1.54
5030,88,0.13,-1.56
5040,88,0.62,-1.59
5050,88,1.09,-1.63
5060,88,1.55,-1.66
5070,88,2.02,-1.69
5080,88,2.49,-1.71
5090,88,2.95,-1.73
5100,88,3.43,-1.74
5110,88,3.91,-1.74
5120,88,4.4,-1.72
5130,88,4.91,-1.69
5140,88,5.44,-1.65
5150,88,5.95,-1.61
5160,88,6.46,-1.56
5170,88,6.94,-1.53
5180,88,7.38,-1.51
4870,89,-7.27,-2.14
4880,89,-6.85,-2.11
4890,89,-6.43,-2.09
4900,89,-6.01,-2.08
4910,89,-5.58,-2.08
4920,89,-5.16,-2.09
4930,89,-4.72,-2.12
4940,89,-4.28,-2.16
4950,89,-3.83,-2.21
4960,89,-3.37,-2.26
4970,89,-2.9,-2.29
4980,89,-2.42,-2.31
4990,89,-1.95,-2.3
5000,89,-1.47,-2.29
5010,89,-0.98,-2.26
5020,89,-0.5,-2.23
5030,89,-0.01,-2.2
5040,89,0.48,-2.18
5050,89,0.97,-2.17
5060,89,1.46,-2.18
5070,89,1.96,-2.2
5080,89,2.44,-2.23
5090,89,2.92,-2.26
5100,89,3.39,-2.29
5110,89,3.86,-2.31
5120,89,4.33,-2.32
5130,89,4.81,-2.31
5140,89,5.29,-2.28
5150,89,5.77,-2.24
5160,89,6.25,-2.19
5170,89,6.72,-2.15
5180,89,7.19,-2.1
4880,90,-7.19,-0.28
4890,90,-6.63,-0.25
4900,90,-6.06,-0.2
4910,90,-5.48,-0.15
4920,90,-4.91,-0.1
4930,90,-4.34,-0.05
4940,90,-3.77,-0.02
4950,90,-3.21,0
4960,90,-2.64,-0.01
4970,90,-2.05,-0.04
4980,90,-1.45,-0.1
4990,90,-0.83,-0.18
5000,90,-0.22,-0.28
5010,90,0.36,-0.39
5020,90,0.91,-0.51
5030,90,1.45,-0.66
5040,90,1.99,-0.84
5050,90,2.55,-1.07
5060,90,3.11,-1.32
5070,90,3.67,-1.55
5080,90,4.23,-1.74
5090,90,4.82,-1.9
5100,90,5.47,-2.01
5110,90,6.14,-2.06
5120,90,6.79,-2.03
5130,90,7.39,-1.9
4910,91,-7.36,-2.18
4920,91,-6.82,-2.14
4930,91,-6.31,-2.13
4940,91,-5.81,-2.14
4950,91,-5.31,-2.16
4960,91,-4.82,-2.17
4970,91,-4.32,-2.17
4980,91,-3.83,-2.15
4990,91,-3.33,-2.12
5000,91,-2.82,-2.08
5010,91,-2.31,-2.05
5020,91,-1.79,-2.03
5030,91,-1.28,-2.04
5040,91,-0.77,-2.07
5050,91,-0.28,-2.13
5060,91,0.2,-2.22
5070,91,0.67,-2.31
5080,91,1.13,-2.37
5090,91,1.59,-2.38
5100,91,2.06,-2.36
5110,91,2.52,-2.31
5120,91,2.99,-2.22
5130,91,3.47,-2.13
5140,91,3.95,-2.02
5150,91,4.45,-1.91
5160,91,4.95,-1.79
5170,91,5.46,-1.68
5180,91,5.96,-1.58
5190,91,6.46,-1.49
5200,91,6.96,-1.42
5210,91,7.44,-1.37
4940,92,7.33,2.22
4950,92,7.11,2.19
4960,92,6.85,2.13
4970,92,6.59,2.04
4980,92,6.32,1.91
4990,92,6.09,1.75
5000,92,5.9,1.56
5010,92,5.72,1.33
5020,92,5.53,1.08
5030,92,5.29,0.83
5040,92,4.98,0.59
5050,92,4.65,0.39
5060,92,4.32,0.25
5070,92,3.99,0.17
5080,92,3.63,0.14
5090,92,3.27,0.15
5100,92,2.93,0.16
5110,92,2.63,0.17
5120,92,2.36,0.15
5130,92,2.11,0.13
5140,92,1.87,0.11
5150,92,1.62,0.11
5160,92,1.34,0.13
5170,92,1.04,0.18
5180,92,0.71,0.25
5190,92,0.39,0.31
5200,92,0.08,0.36
5210,92,-0.2,0.38
5220,92,-0.47,0.37
5230,92,-0.73,0.34
5240,92,-1,0.31
5250,92,-1.28,0.27
5260,92,-1.6,0.24
5270,92,-1.94,0.21
5280,92,-2.29,0.18
5290,92,-2.63,0.13
5300,92,-2.96,0.05
5310,92,-3.29,-0.04
5320,92,-3.61,-0.13
5330,92,-3.93,-0.23
5340,92,-4.28,-0.31
5350,92,-4.63,-0.38
5360,92,-4.98,-0.45
5370,92,-5.34,-0.52
5380,92,-5.7,-0.59
5390,92,-6.05,-0.66
5400,92,-6.4,-0.73
5410,92,-6.74,-0.82
5420,92,-7.06,-0.91
5430,92,-7.36,-1.02
5020,93,7.16,-1.49
5030,93,6.54,-1.51
5040,93,5.97,-1.51
5050,93,5.42,-1.49
5060,93,4.89,-1.43
5070,93,4.35,-1.33
5080,93,3.8,-1.2
5090,93,3.2,-1.13
5100,93,2.57,-1.16
5110,93,1.93,-1.24
5120,93,1.31,-1.34
5130,93,0.69,-1.43
5140,93,0.09,-1.5
5150,93,-0.52,-1.53
5160,93,-1.12,-1.56
5170,93,-1.74,-1.59
5180,93,-2.37,-1.61
5190,93,-2.98,-1.59
5200,93,-3.56,-1.5
5210,93,-4.11,-1.34
5220,93,-4.64,-1.18
5230,93,-5.17,-1.09
5240,93,-5.72,-1.09
5250,93,-6.29,-1.17
5260,93,-6.88,-1.3
5270,93,-7.48,-1.45
5140,94,-7.44,1.05
5150,94,-7.16,1.07
5160,94,-6.88,1.1
5170,94,-6.62,1.14
5180,94,-6.36,1.2
5190,94,-6.12,1.27
5200,94,-5.89,1.34
5210,94,-5.67,1.41
5220,94,-5.47,1.48
5230,94,-5.29,1.54
5240,94,-5.12,1.59
5250,94,-4.96,1.64
5260,94,-4.81,1.67
5270,94,-4.67,1.71
5280,94,-4.53,1.74
5290,94,-4.38,1.77
5300,94,-4.23,1.81
5310,94,-4.06,1.83
5320,94,-3.88,1.84
5330,94,-3.69,1.83
5340,94,-3.48,1.82
5350,94,-3.28,1.79
5360,94,-3.08,1.77
5370,94,-2.91,1.76
5380,94,-2.75,1.76
5390,94,-2.59,1.76
5400,94,-2.44,1.75
5410,94,-2.27,1.74
5420,94,-2.09,1.72
5430,94,-1.92,1.7
5440,94,-1.75,1.68
5450,94,-1.62,1.67
5460,94,-1.54,1.67
5470,94,-1.52,1.69
5480,94,-1.56,1.73
5490,94,-1.64,1.77
5500,94,-1.76,1.79
5510,94,-1.9,1.79
5520,94,-2.05,1.75
5530,94,-2.21,1.71
5540,94,-2.37,1.67
5550,94,-2.53,1.65
5560,94,-2.67,1.66
5570,94,-2.81,1.69
5580,94,-2.95,1.74
5590,94,-3.08,1.8
5600,94,-3.22,1.84
5610,94,-3.36,1.87
5620,94,-3.51,1.87
5630,94,-3.67,1.86
5640,94,-3.83,1.82
5650,94,-3.99,1.78
5660,94,-4.16,1.72
5670,94,-4.32,1.66
5680,94,-4.47,1.6
5690,94,-4.63,1.54
5700,94,-4.78,1.49
5710,94,-4.93,1.44
5720,94,-5.08,1.4
5730,94,-5.23,1.37
5740,94,-5.38,1.34
5750,94,-5.53,1.33
5760,94,-5.68,1.33
5770,94,-5.83,1.33
5780,94,-6,1.33
5790,94,-6.16,1.34
5800,94,-6.33,1.35
5810,94,-6.49,1.36
5820,94,-6.64,1.37
5830,94,-6.77,1.36
5840,94,-6.86,1.35
5850,94,-6.92,1.33
5860,94,-6.92,1.3
5870,94,-6.89,1.26
5880,94,-6.82,1.21
5890,94,-6.72,1.17
5900,94,-6.6,1.14
5910,94,-6.46,1.11
5920,94,-6.31,1.1
5930,94,-6.15,1.11
6020,94,-4.42,1.43
6030,94,-4.28,1.45
6040,94,-4.13,1.47
6050,94,-3.98,1.48
6060,94,-3.82,1.49
6070,94,-3.64,1.49
6080,94,-3.46,1.49
6090,94,-3.28,1.49
6100,94,-3.09,1.48
6110,94,-2.9,1.47
6120,94,-2.72,1.46
6130,94,-2.55,1.45
6140,94,-2.39,1.45
6150,94,-2.26,1.45
6160,94,-2.15,1.47
6170,94,-2.07,1.5
6180,94,-2.01,1.53
6190,94,-1.97,1.56
6200,94,-1.94,1.59
6210,94,-1.92,1.6
6220,94,-1.92,1.61
6230,94,-1.93,1.61
6240,94,-1.95,1.61
6250,94,-1.99,1.6
6260,94,-2.05,1.6
6270,94,-2.12,1.59
6280,94,-2.21,1.59
6290,94,-2.33,1.6
6300,94,-2.46,1.61
6310,94,-2.61,1.63
6320,94,-2.77,1.65
6330,94,-2.94,1.66
6340,94,-3.11,1.67
6350,94,-3.27,1.67
6360,94,-3.43,1.66
6370,94,-3.58,1.63
6380,94,-3.74,1.61
6390,94,-3.89,1.58
6400,94,-4.06,1.56
6410,94,-4.23,1.54
6420,94,-4.39,1.53
6430,94,-4.54,1.53
6440,94,-4.64,1.54
6450,94,-4.7,1.57
6460,94,-4.7,1.62
6470,94,-4.63,1.67
6480,94,-4.54,1.72
6490,94,-4.41,1.76
6500,94,-4.29,1.78
6510,94,-4.15,1.78
6520,94,-4.02,1.76
6530,94,-3.88,1.73
6540,94,-3.74,1.67
6550,94,-3.6,1.6
6560,94,-3.45,1.53
6570,94,-3.32,1.44
6580,94,-3.19,1.36
6590,94,-3.08,1.27
6600,94,-2.98,1.2
6610,94,-2.9,1.14
6620,94,-2.83,1.08
6630,94,-2.78,1.03
6640,94,-2.74,0.99
6650,94,-2.71,0.96
6660,94,-2.7,0.93
6670,94,-2.7,0.91
6680,94,-2.7,0.89
6690,94,-2.72,0.88
6700,94,-2.74,0.87
6710,94,-2.77,0.87
6720,94,-2.81,0.88
6730,94,-2.85,0.88
6740,94,-2.89,0.89
6750,94,-2.94,0.9
6760,94,-3,0.92
6770,94,-3.05,0.94
6780,94,-3.1,0.95
6790,94,-3.16,0.97
6800,94,-3.21,0.99
6810,94,-3.26,1.01
6820,94,-3.31,1.03
6830,94,-3.35,1.05
6840,94,-3.39,1.07
6850,94,-3.42,1.09
6860,94,-3.45,1.1
6870,94,-3.47,1.11
6880,94,-3.48,1.12
6890,94,-3.5,1.13
6900,94,-3.5,1.14
6910,94,-3.5,1.15
6920,94,-3.5,1.16
6930,94,-3.49,1.16
6940,94,-3.49,1.17
6950,94,-3.47,1.17
6960,94,-3.46,1.17
6970,94,-3.44,1.18
6980,94,-3.42,1.18
6990,94,-3.4,1.18
7000,94,-3.38,1.18
7010,94,-3.35,1.18
7020,94,-3.33,1.18
7030,94,-3.3,1.18
7040,94,-3.28,1.17
7050,94,-3.25,1.17
7060,94,-3.23,1.17
7070,94,-3.2,1.17
7080,94,-3.18,1.17
7090,94,-3.16,1.17
7100,94,-3.14,1.17
7110,94,-3.12,1.17
7120,94,-3.11,1.17
7130,94,-3.1,1.17
7140,94,-3.09,1.17
7150,94,-3.08,1.17
7160,94,-3.08,1.17
7170,94,-3.08,1.18
7180,94,-3.09,1.18
7190,94,-3.1,1.19
7200,94,-3.12,1.19
7210,94,-3.14,1.2
7220,94,-3.17,1.21
7230,94,-3.2,1.22
7240,94,-3.24,1.23
7250,94,-3.29,1.25
7260,94,-3.34,1.26
7270,94,-3.4,1.28
7280,94,-3.47,1.3
7290,94,-3.55,1.32
7300,94,-3.63,1.34
7310,94,-3.73,1.36
7320,94,-3.82,1.39
7330,94,-3.92,1.41
7340,94,-4.01,1.42
7350,94,-4.1,1.43
7360,94,-4.17,1.43
7370,94,-4.24,1.43
7380,94,-4.29,1.42
7390,94,-4.32,1.4
7400,94,-4.35,1.39
7410,94,-4.36,1.38
7420,94,-4.37,1.37
7430,94,-4.36,1.37
7440,94,-4.34,1.37
7450,94,-4.32,1.39
7460,94,-4.28,1.42
7470,94,-4.23,1.47
7480,94,-4.18,1.54
7490,94,-4.12,1.62
5180,95,6.2,5.29
5190,95,6.14,4.83
5200,95,6.06,4.35
5210,95,5.96,3.86
5220,95,5.84,3.4
5230,95,5.71,2.97
5240,95,5.56,2.57
5250,95,5.39,2.19
5260,95,5.19,1.79
5270,95,4.95,1.39
5280,95,4.65,1.01
5290,95,4.29,0.71
5300,95,3.86,0.51
5310,95,3.36,0.46
5320,95,2.8,0.52
5330,95,2.25,0.59
5340,95,1.72,0.62
5350,95,1.18,0.62
5360,95,0.63,0.63
5370,95,0.06,0.65
5380,95,-0.53,0.7
5390,95,-1.1,0.75
5400,95,-1.66,0.81
5410,95,-2.22,0.87
5420,95,-2.77,0.9
5430,95,-3.31,0.93
5440,95,-3.85,0.96
5450,95,-4.36,1.04
5460,95,-4.85,1.16
5470,95,-5.32,1.32
5480,95,-5.75,1.49
5490,95,-6.16,1.66
5500,95,-6.52,1.84
5510,95,-6.83,2.03
5520,95,-7.1,2.22
5530,95,-7.31,2.41
5540,95,-7.45,2.62
5200,96,-7.21,-1.51
5210,96,-6.71,-1.59
5220,96,-6.23,-1.68
5230,96,-5.75,-1.77
5240,96,-5.27,-1.84
5250,96,-4.76,-1.87
5260,96,-4.22,-1.85
5270,96,-3.66,-1.82
5280,96,-3.1,-1.79
5290,96,-2.55,-1.79
5300,96,-2.02,-1.82
5310,96,-1.48,-1.87
5320,96,-0.93,-1.92
5330,96,-0.37,-1.97
5340,96,0.2,-2
5350,96,0.78,-2.01
5360,96,1.36,-1.98
5370,96,1.94,-1.93
5380,96,2.53,-1.89
5390,96,3.12,-1.89
5400,96,3.7,-1.92
5410,96,4.28,-1.98
5420,96,4.86,-2.04
5430,96,5.43,-2.11
5440,96,6,-2.16
5450,96,6.55,-2.2
5460,96,7.09,-2.2
5200,97,-7.23,-2.28
5210,97,-6.8,-2.31
5220,97,-6.34,-2.36
5230,97,-5.85,-2.41
5240,97,-5.35,-2.47
5250,97,-4.83,-2.53
5260,97,-4.3,-2.59
5270,97,-3.76,-2.64
5280,97,-3.22,-2.68
5290,97,-2.67,-2.71
5300,97,-2.13,-2.74
5310,97,-1.6,-2.77
5320,97,-1.07,-2.78
5330,97,-0.54,-2.79
5340,97,0,-2.77
5350,97,0.55,-2.73
5360,97,1.11,-2.68
5370,97,1.67,-2.63
5380,97,2.23,-2.6
5390,97,2.78,-2.59
5400,97,3.33,-2.59
5410,97,3.88,-2.61
5420,97,4.43,-2.64
5430,97,4.99,-2.66
5440,97,5.56,-2.69
5450,97,6.13,-2.72
5460,97,6.7,-2.75
5470,97,7.28,-2.78
5360,98,-7.38,-1.66
5370,98,-6.79,-1.62
5380,98,-6.19,-1.56
5390,98,-5.59,-1.5
5400,98,-5,-1.46
5410,98,-4.4,-1.44
5420,98,-3.82,-1.44
5430,98,-3.24,-1.46
5440,98,-2.65,-1.48
5450,98,-2.04,-1.46
5460,98,-1.39,-1.39
5470,98,-0.73,-1.27
5480,98,-0.06,-1.14
5490,98,0.57,-1.01
5500,98,1.18,-0.88
5510,98,1.78,-0.76
5520,98,2.36,-0.62
5530,98,2.94,-0.5
5540,98,3.52,-0.39
5550,98,4.11,-0.33
5560,98,4.72,-0.32
5570,98,5.34,-0.36
5580,98,5.96,-0.45
5590,98,6.57,-0.59
5600,98,7.15,-0.76
5410,99,-7.47,2.13
5420,99,-7.23,1.83
5430,99,-6.92,1.54
5440,99,-6.55,1.26
5450,99,-6.15,1
5460,99,-5.75,0.78
5470,99,-5.36,0.6
5480,99,-4.98,0.45
5490,99,-4.59,0.32
5500,99,-4.18,0.2
5510,99,-3.75,0.08
5520,99,-3.33,-0.04
5530,99,-2.94,-0.14
5540,99,-2.6,-0.24
5550,99,-2.31,-0.31
5560,99,-2.02,-0.38
5570,99,-1.74,-0.42
5580,99,-1.44,-0.46
5590,99,-1.13,-0.49
5600,99,-0.8,-0.51
5610,99,-0.44,-0.54
5620,99,-0.07,-0.57
5630,99,0.31,-0.6
5640,99,0.72,-0.63
5650,99,1.13,-0.68
5660,99,1.55,-0.72
5670,99,1.98,-0.76
5680,99,2.41,-0.8
5690,99,2.85,-0.84
5700,99,3.33,-0.88
5710,99,3.82,-0.91
5720,99,4.35,-0.95
5730,99,4.9,-1.01
5740,99,5.46,-1.09
5750,99,6.01,-1.16
5760,99,6.55,-1.21
5770,99,7.06,-1.21
5440,100,-7.21,0.74
5450,100,-6.78,0.51
5460,100,-6.38,0.3
5470,100,-5.98,0.1
5480,100,-5.59,-0.09
5490,100,-5.2,-0.28
5500,100,-4.79,-0.48
5510,100,-4.36,-0.69
5520,100,-3.92,-0.9
5530,100,-3.47,-1.08
5540,100,-3.03,-1.21
5550,100,-2.59,-1.29
5560,100,-2.16,-1.34
5570,100,-1.74,-1.36
5580,100,-1.34,-1.37
5590,100,-0.95,-1.35
5600,100,-0.58,-1.32
5610,100,-0.23,-1.27
5620,100,0.11,-1.21
5630,100,0.44,-1.15
5640,100,0.8,-1.11
5650,100,1.17,-1.11
5660,100,1.57,-1.13
5670,100,2,-1.18
5680,100,2.44,-1.26
5690,100,2.89,-1.35
5700,100,3.36,-1.45
5710,100,3.84,-1.53
5720,100,4.32,-1.61
5730,100,4.81,-1.67
5740,100,5.31,-1.73
5750,100,5.81,-1.79
5760,100,6.31,-1.85
5770,100,6.82,-1.91
5780,100,7.32,-1.98
5530,101,7.12,-1.18
5540,101,6.51,-1.24
5550,101,5.88,-1.31
5560,101,5.23,-1.39
5570,101,4.6,-1.48
5580,101,3.99,-1.58
5590,101,3.39,-1.68
5600,101,2.77,-1.78
5610,101,2.13,-1.87
5620,101,1.48,-1.92
5630,101,0.84,-1.93
5640,101,0.21,-1.89
5650,101,-0.4,-1.83
5660,101,-1,-1.75
5670,101,-1.6,-1.7
5680,101,-2.19,-1.67
5690,101,-2.79,-1.66
5700,101,-3.39,-1.69
5710,101,-4.01,-1.74
5720,101,-4.64,-1.81
5730,101,-5.28,-1.89
5740,101,-5.9,-1.95
5750,101,-6.51,-2
5760,101,-7.08,-2.01
5630,102,6.73,5.15
5640,102,6.68,4.75
5650,102,6.64,4.35
5660,102,6.59,3.97
5670,102,6.53,3.59
5680,102,6.44,3.23
5690,102,6.31,2.89
5700,102,6.15,2.57
5710,102,5.99,2.25
5720,102,5.85,1.91
5730,102,5.73,1.57
5740,102,5.56,1.23
5750,102,5.31,0.91
5760,102,4.95,0.64
5770,102,4.56,0.4
5780,102,4.2,0.2
5790,102,3.95,0.03
5800,102,3.88,-0.11
5810,102,4.05,-0.23
5820,102,4.38,-0.35
5830,102,4.78,-0.48
5840,102,5.21,-0.63
5850,102,5.67,-0.77
5860,102,6.13,-0.9
5870,102,6.6,-0.99
5880,102,7.05,-1.04
5890,102,7.48,-1.03
5630,103,6.08,5.27
5640,103,5.98,4.97
5650,103,5.9,4.63
5660,103,5.84,4.28
5670,103,5.78,3.91
5680,103,5.73,3.54
5690,103,5.68,3.19
5700,103,5.61,2.86
5710,103,5.52,2.54
5720,103,5.41,2.24
5730,103,5.27,1.95
5740,103,5.11,1.67
5750,103,4.92,1.44
5760,103,4.75,1.25
5770,103,4.65,1.09
5780,103,4.63,0.96
5790,103,4.67,0.85
5800,103,4.72,0.78
5810,103,4.8,0.69
5820,103,4.94,0.55
5830,103,5.14,0.34
5840,103,5.41,0.13
5850,103,5.74,-0.02
5860,103,6.13,-0.1
5870,103,6.55,-0.13
5880,103,6.97,-0.15
5890,103,7.38,-0.18
5730,104,6.91,5.5
5740,104,6.95,5.17
5750,104,7,4.86
5760,104,7.05,4.57
5770,104,7.09,4.29
5780,104,7.12,4
5790,104,7.12,3.69
5800,104,7.09,3.36
5810,104,7.05,3.03
5820,104,7.01,2.71
5830,104,6.98,2.43
5840,104,6.96,2.17
5850,104,6.95,1.92
5860,104,6.95,1.66
5870,104,6.95,1.4
5880,104,6.97,1.14
5890,104,7.01,0.86
5900,104,7.09,0.58
5910,104,7.19,0.3
5920,104,7.31,0.03
5930,104,7.44,-0.22
6020,105,7.38,-2.44
6030,105,6.82,-2.44
6040,105,6.26,-2.42
6050,105,5.7,-2.39
6060,105,5.15,-2.33
6070,105,4.6,-2.25
6080,105,4.07,-2.14
6090,105,3.55,-1.99
6100,105,3.06,-1.82
6110,105,2.62,-1.65
6120,105,2.23,-1.49
6130,105,1.92,-1.36
6140,105,1.7,-1.29
6150,105,1.54,-1.26
6160,105,1.42,-1.27
6170,105,1.21,-1.26
6180,105,0.85,-1.18
6190,105,0.38,-1.07
6200,105,-0.12,-0.94
6210,105,-0.61,-0.84
6220,105,-1.09,-0.75
6230,105,-1.58,-0.7
6240,105,-2.09,-0.69
6250,105,-2.62,-0.71
6260,105,-3.17,-0.73
6270,105,-3.7,-0.75
6280,105,-4.21,-0.74
6290,105,-4.72,-0.67
6300,105,-5.21,-0.52
6310,105,-5.69,-0.3
6320,105,-6.16,-0.03
6330,105,-6.6,0.29
6340,105,-7.01,0.62
6350,105,-7.38,0.94
6060,106,7.14,-2.34
6070,106,6.63,-2.25
6080,106,6.13,-2.15
6090,106,5.63,-2.04
6100,106,5.13,-1.93
6110,106,4.61,-1.83
6120,106,4.08,-1.73
6130,106,3.56,-1.64
6140,106,3.08,-1.55
6150,106,2.65,-1.46
6160,106,2.28,-1.37
6170,106,1.92,-1.25
6180,106,1.54,-1.11
6190,106,1.15,-0.96
6200,106,0.74,-0.81
6210,106,0.3,-0.68
6220,106,-0.16,-0.56
6230,106,-0.64,-0.45
6240,106,-1.12,-0.34
6250,106,-1.61,-0.22
6260,106,-2.1,-0.09
6270,106,-2.58,0.06
6280,106,-3.05,0.24
6290,106,-3.51,0.42
6300,106,-3.96,0.6
6310,106,-4.41,0.76
6320,106,-4.87,0.91
6330,106,-5.34,1.01
6340,106,-5.83,1.08
6350,106,-6.32,1.13
6360,106,-6.78,1.2
6370,106,-7.19,1.29
6380,106,-7.52,1.45
6060,107,7.35,-1.5
6070,107,6.89,-1.42
6080,107,6.37,-1.33
6090,107,5.82,-1.23
6100,107,5.24,-1.15
6110,107,4.67,-1.07
6120,107,4.11,-1.02
6130,107,3.59,-0.99
6140,107,3.09,-0.95
6150,107,2.6,-0.9
6160,107,2.11,-0.8
6170,107,1.61,-0.68
6180,107,1.11,-0.54
6190,107,0.62,-0.41
6200,107,0.13,-0.3
6210,107,-0.34,-0.2
6220,107,-0.8,-0.1
6230,107,-1.24,0.01
6240,107,-1.67,0.12
6250,107,-2.1,0.25
6260,107,-2.54,0.4
6270,107,-2.98,0.57
6280,107,-3.42,0.75
6290,107,-3.85,0.94
6300,107,-4.28,1.13
6310,107,-4.72,1.27
6320,107,-5.17,1.35
6330,107,-5.63,1.4
6340,107,-6.09,1.46
6350,107,-6.51,1.58
6360,107,-6.9,1.75
6370,107,-7.24,1.96
6380,107,-7.5,2.2
6390,107,-7.68,2.45
6400,107,-7.75,2.7
6410,107,-7.71,2.93
6210,108,7.36,2.35
6220,108,7.06,2.06
6230,108,6.74,1.83
6240,108,6.42,1.65
6250,108,6.08,1.47
6260,108,5.73,1.29
6270,108,5.36,1.07
6280,108,4.99,0.85
6290,108,4.61,0.65
6300,108,4.24,0.52
6310,108,3.87,0.44
6320,108,3.51,0.43
6330,108,3.15,0.47
6340,108,2.79,0.54
6350,108,2.41,0.61
6360,108,2.03,0.67
6370,108,1.67,0.76
6380,108,1.38,0.88
6390,108,1.13,1.02
6400,108,0.89,1.14
6410,108,0.6,1.2
6420,108,0.28,1.23
6430,108,-0.06,1.25
6440,108,-0.42,1.28
6450,108,-0.78,1.31
6460,108,-1.16,1.32
6470,108,-1.56,1.3
6480,108,-1.95,1.27
6490,108,-2.35,1.24
6500,108,-2.73,1.2
6510,108,-3.11,1.16
6520,108,-3.49,1.13
6530,108,-3.89,1.1
6540,108,-4.3,1.09
6550,108,-4.72,1.09
6560,108,-5.15,1.11
6570,108,-5.59,1.17
6580,108,-6.04,1.25
6590,108,-6.47,1.37
6600,108,-6.86,1.51
6610,108,-7.18,1.68
6620,108,-7.42,1.87
6230,109,7.21,1.33
6240,109,6.89,1.17
6250,109,6.63,0.99
6260,109,6.37,0.79
6270,109,6.09,0.58
6280,109,5.74,0.36
6290,109,5.31,0.17
6300,109,4.83,-0.01
6310,109,4.35,-0.15
6320,109,3.88,-0.24
6330,109,3.45,-0.27
6340,109,3.03,-0.23
6350,109,2.63,-0.13
6360,109,2.24,-0.01
6370,109,1.87,0.12
6380,109,1.51,0.24
6390,109,1.17,0.33
6400,109,0.84,0.41
6410,109,0.52,0.47
6420,109,0.21,0.52
6430,109,-0.1,0.57
6440,109,-0.41,0.62
6450,109,-0.73,0.66
6460,109,-1.08,0.69
6470,109,-1.44,0.7
6480,109,-1.83,0.67
6490,109,-2.25,0.62
6500,109,-2.68,0.56
6510,109,-3.12,0.51
6520,109,-3.57,0.49
6530,109,-4.01,0.48
6540,109,-4.46,0.5
6550,109,-4.89,0.53
6560,109,-5.33,0.56
6570,109,-5.75,0.62
6580,109,-6.17,0.69
6590,109,-6.59,0.8
6600,109,-7,0.96
6220,110,7.37,-1.5
6230,110,6.98,-1.51
6240,110,6.49,-1.54
6250,110,6.12,-1.6
6260,110,6.05,-1.66
6270,110,6.29,-1.79
6280,110,6.56,-2.07
6290,110,6.88,-2.42
6300,110,7.29,-2.69
6220,111,-7.25,0.41
6230,111,-6.89,0.47
6240,111,-6.56,0.49
6250,111,-6.23,0.49
6260,111,-5.91,0.47
6270,111,-5.59,0.46
6280,111,-5.27,0.45
6290,111,-4.94,0.43
6300,111,-4.58,0.41
6310,111,-4.22,0.42
6320,111,-3.85,0.47
6330,111,-3.48,0.56
6340,111,-3.11,0.68
6350,111,-2.74,0.8
6360,111,-2.36,0.92
6370,111,-1.95,1.05
6380,111,-1.49,1.22
6390,111,-1.01,1.39
6400,111,-0.55,1.55
6410,111,-0.14,1.66
6420,111,0.24,1.67
6430,111,0.65,1.58
6440,111,1.09,1.4
6450,111,1.53,1.22
6460,111,1.95,1.04
6470,111,2.37,0.87
6480,111,2.8,0.7
6490,111,3.27,0.57
6500,111,3.78,0.48
6510,111,4.3,0.39
6520,111,4.81,0.28
6530,111,5.3,0.15
6540,111,5.78,0.02
6550,111,6.25,-0.1
6560,111,6.74,-0.23
6570,111,7.23,-0.33
6220,112,-7.19,-0.72
6230,112,-6.77,-0.58
6240,112,-6.34,-0.47
6250,112,-5.92,-0.38
6260,112,-5.52,-0.31
6270,112,-5.16,-0.25
6280,112,-4.81,-0.19
6290,112,-4.48,-0.16
6300,112,-4.14,-0.14
6310,112,-3.8,-0.13
6320,112,-3.45,-0.11
6330,112,-3.09,-0.07
6340,112,-2.72,-0.01
6350,112,-2.35,0.03
6360,112,-1.97,0.05
6370,112,-1.61,0.02
6380,112,-1.24,-0.03
6390,112,-0.86,-0.12
6400,112,-0.48,-0.22
6410,112,-0.09,-0.32
6420,112,0.31,-0.42
6430,112,0.7,-0.48
6440,112,1.09,-0.54
6450,112,1.46,-0.61
6460,112,1.81,-0.72
6470,112,2.15,-0.9
6480,112,2.49,-1.1
6490,112,2.87,-1.27
6500,112,3.3,-1.4
6510,112,3.76,-1.45
6520,112,4.21,-1.41
6530,112,4.64,-1.3
6540,112,5.08,-1.17
6550,112,5.53,-1.08
6560,112,6,-1.04
6570,112,6.46,-1.03
6580,112,6.9,-1.04
6590,112,7.3,-1.05
6310,113,7.43,-1.93
6320,113,7.05,-1.8
6330,113,6.62,-1.71
6340,113,6.16,-1.63
6350,113,5.69,-1.58
6360,113,5.22,-1.55
6370,113,4.78,-1.52
6380,113,4.35,-1.5
6390,113,3.93,-1.48
6400,113,3.51,-1.45
6410,113,3.09,-1.42
6420,113,2.67,-1.39
6430,113,2.25,-1.37
6440,113,1.83,-1.37
6450,113,1.43,-1.36
6460,113,1.04,-1.35
6470,113,0.66,-1.33
6480,113,0.3,-1.28
6490,113,-0.06,-1.21
6500,113,-0.4,-1.11
6510,113,-0.73,-0.98
6520,113,-1.04,-0.83
6530,113,-1.35,-0.65
6540,113,-1.63,-0.46
6550,113,-1.9,-0.27
6560,113,-2.15,-0.09
6570,113,-2.39,0.06
6580,113,-2.61,0.19
6590,113,-2.83,0.32
6600,113,-3.05,0.45
6610,113,-3.26,0.56
6620,113,-3.45,0.67
6630,113,-3.61,0.76
6640,113,-3.74,0.84
6650,113,-3.86,0.9
6660,113,-3.95,0.95
6670,113,-4.02,1
6680,113,-4.07,1.03
6690,113,-4.11,1.05
6700,113,-4.13,1.06
6710,113,-4.14,1.06
6720,113,-4.13,1.06
6730,113,-4.11,1.05
6740,113,-4.08,1.04
6750,113,-4.05,1.02
6760,113,-4,0.99
6770,113,-3.95,0.97
6780,113,-3.89,0.94
6790,113,-3.83,0.91
6800,113,-3.77,0.88
6810,113,-3.71,0.85
6820,113,-3.65,0.82
6830,113,-3.58,0.79
6840,113,-3.53,0.77
6850,113,-3.47,0.74
6860,113,-3.43,0.73
6870,113,-3.39,0.71
6880,113,-3.35,0.7
6890,113,-3.32,0.7
6900,113,-3.3,0.69
6910,113,-3.28,0.69
6920,113,-3.26,0.69
6930,113,-3.25,0.69
6940,113,-3.24,0.69
6950,113,-3.23,0.69
6960,113,-3.22,0.69
6970,113,-3.22,0.68
6980,113,-3.22,0.68
6990,113,-3.21,0.67
7000,113,-3.21,0.67
7010,113,-3.21,0.65
7020,113,-3.21,0.64
7030,113,-3.22,0.63
7040,113,-3.23,0.61
7050,113,-3.24,0.6
7060,113,-3.26,0.59
7070,113,-3.29,0.59
7080,113,-3.33,0.59
7090,113,-3.38,0.59
7100,113,-3.44,0.6
7110,113,-3.51,0.62
7120,113,-3.59,0.65
7130,113,-3.69,0.69
7140,113,-3.8,0.75
7150,113,-3.91,0.81
7160,113,-4,0.88
7170,113,-4.07,0.97
7180,113,-4.12,1.06
7190,113,-4.14,1.15
7200,113,-4.13,1.24
7210,113,-4.1,1.32
7220,113,-4.05,1.39
7230,113,-4.02,1.45
7240,113,-3.99,1.49
7250,113,-3.98,1.51
7260,113,-4,1.52
7270,113,-4.03,1.5
7280,113,-4.09,1.47
7290,113,-4.17,1.42
7300,113,-4.28,1.35
7310,113,-4.44,1.29
7320,113,-4.69,1.27
7330,113,-5.02,1.31
7340,113,-5.38,1.38
7350,113,-5.72,1.45
7360,113,-6.03,1.52
7370,113,-6.3,1.59
7380,113,-6.55,1.67
7390,113,-6.78,1.77
7400,113,-6.98,1.88
7410,113,-7.16,2.02
7420,113,-7.29,2.17
7430,113,-7.39,2.34
7440,113,-7.44,2.53
7450,113,-7.44,2.73
6320,114,7.21,-0.75
6330,114,6.81,-0.72
6340,114,6.42,-0.64
6350,114,6.03,-0.52
6360,114,5.64,-0.38
6370,114,5.26,-0.24
6380,114,4.89,-0.17
6390,114,4.55,-0.19
6400,114,4.25,-0.28
6410,114,3.99,-0.38
6420,114,3.78,-0.46
6430,114,3.62,-0.52
6440,114,3.5,-0.56
6450,114,3.41,-0.59
6460,114,3.36,-0.61
6470,114,3.33,-0.62
6480,114,3.33,-0.61
6490,114,3.35,-0.6
6500,114,3.39,-0.59
6510,114,3.43,-0.57
6520,114,3.49,-0.55
6530,114,3.56,-0.53
6540,114,3.62,-0.51
6550,114,3.68,-0.5
6560,114,3.73,-0.5
6570,114,3.78,-0.5
6580,114,3.81,-0.51
6590,114,3.84,-0.52
6600,114,3.85,-0.53
6610,114,3.86,-0.55
6620,114,3.85,-0.57
6630,114,3.83,-0.58
6640,114,3.8,-0.6
6650,114,3.75,-0.61
6660,114,3.69,-0.62
6670,114,3.62,-0.62
6680,114,3.53,-0.61
6690,114,3.42,-0.6
6700,114,3.31,-0.58
6710,114,3.18,-0.56
6720,114,3.07,-0.53
6730,114,2.99,-0.52
6740,114,2.94,-0.52
6750,114,2.92,-0.52
6760,114,2.92,-0.53
6770,114,2.95,-0.55
6780,114,3,-0.58
6790,114,3.07,-0.61
6800,114,3.15,-0.64
6810,114,3.24,-0.68
6820,114,3.33,-0.71
6830,114,3.43,-0.75
6840,114,3.52,-0.78
6850,114,3.61,-0.81
6860,114,3.69,-0.84
6870,114,3.76,-0.86
6880,114,3.81,-0.87
6890,114,3.84,-0.88
6900,114,3.85,-0.87
6910,114,3.83,-0.86
6920,114,3.78,-0.84
6930,114,3.69,-0.8
6940,114,3.57,-0.75
6950,114,3.41,-0.68
6960,114,3.2,-0.6
6970,114,2.95,-0.5
6980,114,2.64,-0.38
6990,114,2.29,-0.24
7000,114,1.92,-0.09
7010,114,1.54,0.08
7020,114,1.16,0.23
7030,114,0.78,0.35
7040,114,0.4,0.44
7050,114,0.03,0.5
7060,114,-0.32,0.55
7070,114,-0.66,0.6
7080,114,-0.99,0.65
7090,114,-1.32,0.69
7100,114,-1.63,0.72
7110,114,-1.92,0.74
7120,114,-2.16,0.76
7130,114,-2.35,0.78
7140,114,-2.49,0.79
7150,114,-2.61,0.78
7160,114,-2.71,0.76
7170,114,-2.79,0.74
7180,114,-2.84,0.74
7190,114,-2.89,0.74
7200,114,-2.95,0.74
7210,114,-3.02,0.73
7220,114,-3.12,0.7
7230,114,-3.27,0.64
7240,114,-3.46,0.57
7250,114,-3.67,0.51
7260,114,-3.89,0.49
7270,114,-4.1,0.49
7280,114,-4.31,0.52
7290,114,-4.5,0.56
7300,114,-4.7,0.6
7310,114,-4.92,0.64
7320,114,-5.2,0.69
7330,114,-5.53,0.74
7340,114,-5.89,0.79
7350,114,-6.23,0.84
7360,114,-6.55,0.89
7370,114,-6.85,0.96
7380,114,-7.11,1.05
7390,114,-7.35,1.18
7400,114,-7.56,1.36
6540,115,-6.87,-1.85
6550,115,-6.35,-1.8
6560,115,-5.86,-1.75
6570,115,-5.35,-1.72
6580,115,-4.82,-1.72
6590,115,-4.26,-1.72
6600,115,-3.73,-1.71
6610,115,-3.23,-1.69
6620,115,-2.74,-1.65
6630,115,-2.24,-1.6
6640,115,-1.72,-1.54
6650,115,-1.19,-1.47
6660,115,-0.68,-1.39
6670,115,-0.19,-1.31
6680,115,0.26,-1.23
6690,115,0.69,-1.18
6700,115,1.11,-1.18
6710,115,1.54,-1.23
6720,115,1.99,-1.34
6730,115,2.46,-1.47
6740,115,2.94,-1.56
6750,115,3.43,-1.61
6760,115,3.92,-1.62
6770,115,4.44,-1.63
6780,115,4.99,-1.63
6790,115,5.54,-1.63
6800,115,6.08,-1.62
6810,115,6.6,-1.6
6820,115,7.07,-1.57
6830,115,7.49,-1.52
6540,116,-6.97,-1.33
6550,116,-6.45,-1.25
6560,116,-5.94,-1.15
6570,116,-5.43,-1.06
6580,116,-4.91,-0.99
6590,116,-4.39,-0.95
6600,116,-3.86,-0.94
6610,116,-3.34,-0.96
6620,116,-2.82,-1.01
6630,116,-2.31,-1.07
6640,116,-1.83,-1.1
6650,116,-1.38,-1.08
6660,116,-0.93,-1.04
6670,116,-0.46,-0.98
6680,116,0.03,-0.91
6690,116,0.51,-0.8
6700,116,0.97,-0.69
6710,116,1.41,-0.68
6720,116,1.85,-0.8
6730,116,2.3,-0.97
6740,116,2.79,-1.1
6750,116,3.31,-1.2
6760,116,3.83,-1.27
6770,116,4.36,-1.31
6780,116,4.91,-1.3
6790,116,5.46,-1.23
6800,116,6,-1.16
6810,116,6.52,-1.09
6820,116,6.99,-1.05
6830,116,7.42,-1.08
6570,117,7.18,-1.59
6580,117,6.65,-1.59
6590,117,6.15,-1.58
6600,117,5.65,-1.55
6610,117,5.16,-1.53
6620,117,4.64,-1.51
6630,117,4.1,-1.49
6640,117,3.55,-1.48
6650,117,3.04,-1.49
6660,117,2.58,-1.5
6670,117,2.12,-1.52
6680,117,1.66,-1.53
6690,117,1.16,-1.52
6700,117,0.65,-1.5
6710,117,0.15,-1.46
6720,117,-0.36,-1.41
6730,117,-0.85,-1.36
6740,117,-1.34,-1.31
6750,117,-1.83,-1.29
6760,117,-2.29,-1.28
6770,117,-2.73,-1.29
6780,117,-3.12,-1.32
6790,117,-3.47,-1.38
6800,117,-3.8,-1.47
6810,117,-4.12,-1.58
6820,117,-4.46,-1.71
6830,117,-4.85,-1.82
6840,117,-5.32,-1.87
6850,117,-5.83,-1.89
6860,117,-6.37,-1.89
6870,117,-6.9,-1.89
6880,117,-7.4,-1.91
6570,118,7.37,-2.21
6580,118,6.86,-2.18
6590,118,6.34,-2.16
6600,118,5.82,-2.15
6610,118,5.3,-2.14
6620,118,4.78,-2.12
6630,118,4.26,-2.1
6640,118,3.75,-2.06
6650,118,3.24,-2.03
6660,118,2.75,-2.03
6670,118,2.27,-2.07
6680,118,1.8,-2.11
6690,118,1.32,-2.13
6700,118,0.84,-2.09
6710,118,0.34,-2.03
6720,118,-0.15,-1.98
6730,118,-0.63,-1.99
6740,118,-1.12,-2.02
6750,118,-1.6,-2.03
6760,118,-2.1,-2
6770,118,-2.58,-1.94
6780,118,-3.01,-1.91
6790,118,-3.36,-1.95
6800,118,-3.63,-2.08
6810,118,-3.9,-2.19
6820,118,-4.23,-2.24
6830,118,-4.61,-2.26
6840,118,-5.04,-2.27
6850,118,-5.5,-2.32
6860,118,-5.99,-2.4
6870,118,-6.48,-2.48
6880,118,-6.98,-2.55
6890,118,-7.46,-2.6
6590,119,-6.94,-2.01
6600,119,-6.34,-2.08
6610,119,-5.78,-2.14
6620,119,-5.25,-2.19
6630,119,-4.71,-2.25
6640,119,-4.16,-2.31
6650,119,-3.58,-2.37
6660,119,-2.98,-2.43
6670,119,-2.36,-2.45
6680,119,-1.75,-2.45
6690,119,-1.19,-2.46
6700,119,-0.68,-2.51
6710,119,-0.19,-2.57
6720,119,0.35,-2.63
6730,119,0.91,-2.74
6740,119,1.39,-3.07
6750,119,1.73,-3.62
6760,119,1.94,-4.23
6770,119,2.06,-4.75
6780,119,2.12,-5.18
6790,119,2.15,-5.49
6800,119,2.16,-5.7
6810,119,2.16,-5.8
6820,119,2.15,-5.82
6830,119,2.14,-5.82
6840,119,2.14,-5.82
6850,119,2.15,-5.88
6860,119,2.18,-6.02
6870,119,2.24,-6.31
6590,120,-6.98,-2.56
6600,120,-6.47,-2.66
6610,120,-5.97,-2.74
6620,120,-5.46,-2.82
6630,120,-4.93,-2.88
6640,120,-4.36,-2.92
6650,120,-3.75,-2.95
6660,120,-3.13,-2.97
6670,120,-2.53,-3
6680,120,-1.97,-3.04
6690,120,-1.46,-3.12
6700,120,-1.01,-3.25
6710,120,-0.6,-3.44
6720,120,-0.17,-3.7
6730,120,0.33,-4.03
6740,120,0.76,-4.33
6750,120,1.02,-4.58
6760,120,1.17,-4.8
6770,120,1.29,-5.04
6780,120,1.39,-5.25
6790,120,1.46,-5.38
6800,120,1.51,-5.45
6810,120,1.54,-5.48
6820,120,1.55,-5.5
6830,120,1.56,-5.55
6840,120,1.55,-5.66
6850,120,1.55,-5.85
6860,120,1.56,-6.16
6870,120,1.57,-6.61
6720,121,-7.21,-2.87
6730,121,-6.77,-2.95
6740,121,-6.34,-3
6750,121,-5.91,-3.03
6760,121,-5.48,-3.05
6770,121,-5.02,-3.07
6780,121,-4.55,-3.08
6790,121,-4.08,-3.09
6800,121,-3.62,-3.07
6810,121,-3.17,-3.03
6820,121,-2.74,-2.98
6830,121,-2.31,-2.92
6840,121,-1.87,-2.86
6850,121,-1.43,-2.8
6860,121,-1.01,-2.74
6870,121,-0.6,-2.69
6880,121,-0.22,-2.65
6890,121,0.15,-2.61
6900,121,0.53,-2.61
6910,121,0.92,-2.65
6920,121,1.35,-2.73
6930,121,1.8,-2.84
6940,121,2.25,-2.95
6950,121,2.67,-3.04
6960,121,3.1,-3.09
6970,121,3.54,-3.11
6980,121,4.02,-3.1
6990,121,4.49,-3.06
7000,121,4.96,-3.01
7010,121,5.38,-2.96
7020,121,5.78,-2.92
7030,121,6.17,-2.88
7040,121,6.55,-2.85
7050,121,6.94,-2.83
7060,121,7.35,-2.82
6750,122,-7.05,-2.05
6760,122,-6.66,-1.99
6770,122,-6.3,-1.92
6780,122,-5.96,-1.91
6790,122,-5.6,-2.01
6800,122,-5.23,-2.27
6810,122,-4.86,-2.6
6820,122,-4.54,-2.86
6830,122,-4.2,-2.96
6840,122,-3.79,-2.9
6850,122,-3.35,-2.81
6860,122,-2.91,-2.75
6870,122,-2.48,-2.7
6880,122,-2.05,-2.62
6890,122,-1.64,-2.54
6900,122,-1.23,-2.46
6910,122,-0.82,-2.41
6920,122,-0.42,-2.39
6930,122,-0.02,-2.4
6940,122,0.4,-2.43
6950,122,0.84,-2.47
6960,122,1.31,-2.5
6970,122,1.8,-2.53
6980,122,2.29,-2.54
6990,122,2.76,-2.52
7000,122,3.22,-2.48
7010,122,3.67,-2.43
7020,122,4.11,-2.38
7030,122,4.54,-2.36
7040,122,4.96,-2.36
7050,122,5.38,-2.38
7060,122,5.79,-2.4
7070,122,6.19,-2.42
7080,122,6.58,-2.41
7090,122,6.97,-2.37
7100,122,7.35,-2.29
6750,123,-7.27,-1.17
6760,123,-6.81,-1.14
6770,123,-6.42,-1.24
6780,123,-6.09,-1.39
6790,123,-5.8,-1.49
6800,123,-5.52,-1.46
6810,123,-5.24,-1.25
6820,123,-4.91,-1.06
6830,123,-4.53,-1.02
6840,123,-4.13,-1.04
6850,123,-3.73,-1.06
6860,123,-3.32,-1.12
6870,123,-2.91,-1.23
6880,123,-2.48,-1.33
6890,123,-2.04,-1.39
6900,123,-1.59,-1.4
6910,123,-1.14,-1.39
6920,123,-0.7,-1.37
6930,123,-0.29,-1.37
6940,123,0.11,-1.39
6950,123,0.48,-1.44
6960,123,0.83,-1.55
6970,123,1.19,-1.72
6980,123,1.56,-1.92
6990,123,1.94,-2.1
7000,123,2.34,-2.17
7010,123,2.75,-2.12
7020,123,3.17,-1.98
7030,123,3.62,-1.83
7040,123,4.09,-1.75
7050,123,4.59,-1.72
7060,123,5.1,-1.72
7070,123,5.6,-1.72
7080,123,6.09,-1.72
7090,123,6.56,-1.72
7100,123,6.99,-1.72
7110,123,7.39,-1.72
6880,124,7.42,-1.97
6890,124,6.87,-2.01
6900,124,6.32,-1.99
6910,124,5.78,-1.92
6920,124,5.26,-1.83
6930,124,4.76,-1.73
6940,124,4.28,-1.62
6950,124,3.83,-1.52
6960,124,3.39,-1.4
6970,124,2.94,-1.26
6980,124,2.47,-1.09
6990,124,1.98,-0.92
7000,124,1.48,-0.77
7010,124,0.98,-0.62
7020,124,0.48,-0.5
7030,124,0,-0.4
7040,124,-0.44,-0.33
7050,124,-0.85,-0.3
7060,124,-1.19,-0.31
7070,124,-1.45,-0.38
7080,124,-1.65,-0.47
7090,124,-1.79,-0.56
7100,124,-1.9,-0.63
7110,124,-2.04,-0.67
7120,124,-2.27,-0.65
7130,124,-2.58,-0.59
7140,124,-2.93,-0.5
7150,124,-3.28,-0.4
7160,124,-3.57,-0.3
7170,124,-3.75,-0.2
7180,124,-3.88,-0.11
7190,124,-4.05,-0.01
7200,124,-4.3,0.1
7210,124,-4.58,0.22
7220,124,-4.86,0.33
7230,124,-5.09,0.43
7240,124,-5.29,0.53
7250,124,-5.49,0.64
7260,124,-5.74,0.76
7270,124,-6.04,0.9
7280,124,-6.34,1.07
7290,124,-6.59,1.29
7300,124,-6.78,1.56
7310,124,-6.89,1.85
7320,124,-6.97,2.17
7330,124,-7.03,2.48
7340,124,-7.09,2.77
7350,124,-7.17,3.03
6890,125,7.13,-2.57
6900,125,6.6,-2.56
6910,125,6.06,-2.51
6920,125,5.53,-2.44
6930,125,5.01,-2.35
6940,125,4.53,-2.24
6950,125,4.09,-2.12
6960,125,3.67,-1.99
6970,125,3.28,-1.84
6980,125,2.89,-1.69
6990,125,2.5,-1.54
7000,125,2.09,-1.41
7010,125,1.64,-1.34
7020,125,1.16,-1.31
7030,125,0.65,-1.31
7040,125,0.14,-1.31
7050,125,-0.35,-1.31
7060,125,-0.83,-1.27
7070,125,-1.31,-1.22
7080,125,-1.78,-1.14
7090,125,-2.22,-1.04
7100,125,-2.6,-0.94
7110,125,-2.86,-0.85
7120,125,-3.03,-0.79
7130,125,-3.15,-0.79
7140,125,-3.24,-0.85
7150,125,-3.33,-0.91
7160,125,-3.42,-0.93
7170,125,-3.54,-0.88
7180,125,-3.68,-0.8
7190,125,-3.85,-0.73
7200,125,-4.05,-0.67
7210,125,-4.29,-0.58
7220,125,-4.57,-0.46
7230,125,-4.89,-0.26
7240,125,-5.23,-0.03
7250,125,-5.59,0.19
7260,125,-5.95,0.36
7270,125,-6.29,0.5
7280,125,-6.61,0.63
7290,125,-6.88,0.79
7300,125,-7.09,0.99
7310,125,-7.26,1.2
7320,125,-7.37,1.42
7330,125,-7.44,1.66
7340,125,-7.45,1.89
7350,125,-7.4,2.11
7060,126,6.7,5.25
7070,126,6.65,4.81
7080,126,6.61,4.35
7090,126,6.55,3.89
7100,126,6.46,3.43
7110,126,6.33,2.98
7120,126,6.14,2.54
7130,126,5.9,2.11
7140,126,5.6,1.69
7150,126,5.24,1.28
7160,126,4.82,0.92
7170,126,4.34,0.64
7180,126,3.81,0.43
7190,126,3.24,0.32
7200,126,2.67,0.3
7210,126,2.08,0.34
7220,126,1.49,0.38
7230,126,0.89,0.38
7240,126,0.31,0.35
7250,126,-0.26,0.34
7260,126,-0.8,0.36
7270,126,-1.32,0.4
7280,126,-1.84,0.43
7290,126,-2.36,0.42
7300,126,-2.89,0.37
7310,126,-3.4,0.31
7320,126,-3.9,0.27
7330,126,-4.36,0.24
7340,126,-4.78,0.26
7350,126,-5.15,0.32
7360,126,-5.47,0.45
7370,126,-5.73,0.61
7380,126,-5.97,0.79
7390,126,-6.2,0.97
7400,126,-6.43,1.14
7410,126,-6.65,1.3
7420,126,-6.85,1.45
7430,126,-7.03,1.6
7440,126,-7.19,1.75
7450,126,-7.32,1.9
7460,126,-7.41,2.06
7170,127,-7.46,1.89
7180,127,-7.29,1.63
7190,127,-7.12,1.34
7200,127,-6.94,1.01
7210,127,-6.75,0.65
7220,127,-6.55,0.27
7230,127,-6.33,-0.15
7240,127,-6.08,-0.56
7250,127,-5.78,-0.93
7260,127,-5.4,-1.22
7270,127,-4.95,-1.42
7280,127,-4.44,-1.56
7290,127,-3.88,-1.66
7300,127,-3.29,-1.72
7310,127,-2.68,-1.78
7320,127,-2.06,-1.86
7330,127,-1.46,-1.95
7340,127,-0.87,-2.04
7350,127,-0.29,-2.14
7360,127,0.31,-2.24
7370,127,0.96,-2.32
7380,127,1.64,-2.37
7390,127,2.29,-2.4
7400,127,2.91,-2.39
7410,127,3.51,-2.39
7420,127,4.12,-2.4
7430,127,4.76,-2.43
7440,127,5.39,-2.47
7450,127,6.03,-2.5
7460,127,6.66,-2.53
7470,127,7.28,-2.54
6950,128,7.17,0.99
6960,128,6.72,0.81
6970,128,6.22,0.67
6980,128,5.69,0.55
6990,128,5.13,0.47
7000,128,4.56,0.41
7010,128,3.99,0.39
7020,128,3.42,0.38
7030,128,2.87,0.39
7040,128,2.34,0.39
7050,128,1.83,0.38
7060,128,1.34,0.35
7070,128,0.86,0.28
7080,128,0.35,0.18
7090,128,-0.2,0.06
7100,128,-0.77,-0.05
7110,128,-1.35,-0.11
7120,128,-1.94,-0.1
7130,128,-2.51,-0.06
7140,128,-3.07,0.01
7150,128,-3.61,0.1
7160,128,-4.13,0.25
7170,128,-4.63,0.45
7180,128,-5.1,0.69
7190,128,-5.52,0.96
7200,128,-5.9,1.25
7210,128,-6.25,1.56
7220,128,-6.57,1.9
7230,128,-6.86,2.24
7240,128,-7.11,2.56
7250,128,-7.3,2.85
7260,128,-7.44,3.08
7230,129,-7.25,-0.54
7240,129,-6.87,-0.96
7250,129,-6.49,-1.32
7260,129,-6.08,-1.62
7270,129,-5.6,-1.86
7280,129,-5.05,-2.03
7290,129,-4.45,-2.17
7300,129,-3.82,-2.28
7310,129,-3.18,-2.37
7320,129,-2.54,-2.45
7330,129,-1.92,-2.51
7340,129,-1.32,-2.57
7350,129,-0.71,-2.65
7360,129,-0.08,-2.75
7370,129,0.57,-2.88
7380,129,1.23,-2.99
7390,129,1.91,-3.07
7400,129,2.58,-3.11
7410,129,3.27,-3.13
7420,129,3.94,-3.13
7430,129,4.62,-3.13
7440,129,5.27,-3.13
7450,129,5.91,-3.14
7460,129,6.51,-3.17
7470,129,7.08,-3.22
7250,130,-7.49,-2.28
7260,130,-7,-2.29
7270,130,-6.56,-2.16
7280,130,-6.11,-1.96
7290,130,-5.63,-1.75
7300,130,-5.08,-1.59
7310,130,-4.46,-1.51
7320,130,-3.82,-1.46
7330,130,-3.21,-1.42
7340,130,-2.63,-1.41
7350,130,-2.07,-1.44
7360,130,-1.53,-1.53
7370,130,-1.01,-1.64
7380,130,-0.48,-1.77
7390,130,0.04,-1.89
7400,130,0.59,-2.02
7410,130,1.18,-2.15
7420,130,1.8,-2.26
7430,130,2.44,-2.32
7440,130,3.07,-2.33
7450,130,3.7,-2.33
7460,130,4.32,-2.35
7470,130,4.95,-2.43
7480,130,5.56,-2.52
7490,130,6.17,-2.61
7500,130,6.78,-2.65
7510,130,7.38,-2.61
7290,131,7.28,-2.6
7300,131,6.59,-2.51
7310,131,5.92,-2.44
7320,131,5.27,-2.38
7330,131,4.63,-2.29
7340,131,3.99,-2.15
7350,131,3.35,-1.97
7360,131,2.74,-1.76
7370,131,2.19,-1.56
7380,131,1.66,-1.4
7390,131,1.1,-1.3
7400,131,0.5,-1.26
7410,131,-0.11,-1.26
7420,131,-0.72,-1.28
7430,131,-1.31,-1.3
7440,131,-1.91,-1.31
7450,131,-2.53,-1.33
7460,131,-3.16,-1.34
7470,131,-3.78,-1.38
7480,131,-4.39,-1.43
7490,131,-4.98,-1.51
7500,131,-5.57,-1.6
7510,131,-6.18,-1.69
7370,132,-7.49,0.42
7380,132,-7.23,0.13
7390,132,-6.92,-0.07
7400,132,-6.59,-0.2
7410,132,-6.25,-0.29
7420,132,-5.89,-0.37
7430,132,-5.53,-0.45
7440,132,-5.16,-0.54
7450,132,-4.76,-0.61
7460,132,-4.34,-0.65
7470,132,-3.9,-0.67
7480,132,-3.46,-0.72
7490,132,-3.06,-0.83
7500,132,-2.69,-1.05
7510,132,-2.34,-1.38
7370,133,-7.42,-2.45
7380,133,-6.99,-2.33
7390,133,-6.53,-2.22
7400,133,-6.06,-2.12
7410,133,-5.58,-2.04
7420,133,-5.11,-1.99
7430,133,-4.66,-1.98
7440,133,-4.22,-2.01
7450,133,-3.75,-2.04
7460,133,-3.24,-2.06
7470,133,-2.71,-2.07
7480,133,-2.18,-2.08
7490,133,-1.66,-2.08
7500,133,-1.16,-2.09
7510,133,-0.66,-2.11
7370,134,7.4,-1.15
7380,134,7.02,-1.15
7390,134,6.64,-1.13
7400,134,6.25,-1.11
7410,134,5.87,-1.08
7420,134,5.48,-1.05
7430,134,5.09,-1.04
7440,134,4.71,-1.05
7450,134,4.32,-1.09
7460,134,3.94,-1.14
7470,134,3.56,-1.2
7480,134,3.18,-1.25
7490,134,2.79,-1.3
7500,134,2.41,-1.33
7510,134,2.04,-1.37
7480,135,7.16,-0.89
7490,135,6.67,-0.82
7500,135,6.18,-0.77
7510,135,5.69,-0.74
7480,136,7.25,-1.4
7490,136,6.77,-1.33
7500,136,6.29,-1.27
7510,136,5.8,-1.28